"日期","收市","開市","高","低","升跌（%）"
"2023-4-28","1.585","1.585","1.585","1.585","0.00%"
"2023-4-27","1.585","1.595","1.595","1.585","-0.63%"
"2023-4-26","1.595","1.555","1.595","1.555","2.57%"
"2023-4-25","1.555","1.555","1.555","1.555","0.00%"
"2023-4-24","1.555","1.555","1.555","1.555","0.00%"
"2023-4-21","1.555","1.560","1.560","1.520","-0.32%"
"2023-4-20","1.560","1.560","1.560","1.560","0.00%"
"2023-4-19","1.560","1.545","1.560","1.525","0.97%"
"2023-4-18","1.545","1.545","1.545","1.545","0.00%"
"2023-4-17","1.545","1.545","1.545","1.545","0.00%"
"2023-4-14","1.545","1.545","1.545","1.545","0.00%"
"2023-4-13","1.545","1.555","1.555","1.545","-0.64%"
"2023-4-12","1.555","1.515","1.555","1.515","2.64%"
"2023-4-11","1.515","1.515","1.515","1.515","0.00%"
"2023-4-10","1.515","1.515","1.515","1.515","-1.94%"
"2023-4-7","1.545","1.545","1.545","1.545","0.00%"
"2023-4-6","1.545","1.555","1.555","1.545","-0.64%"
"2023-4-5","1.555","1.555","1.555","1.555","0.00%"
"2023-4-4","1.555","1.555","1.555","1.555","0.00%"
"2023-4-3","1.555","1.555","1.555","1.555","0.00%"
"2023-3-31","1.555","1.545","1.555","1.545","0.65%"
"2023-3-30","1.545","1.545","1.545","1.545","0.00%"
"2023-3-29","1.545","1.545","1.545","1.545","0.00%"
"2023-3-28","1.545","1.545","1.545","1.545","0.00%"
"2023-3-27","1.545","1.545","1.545","1.545","2.66%"
"2023-3-24","1.505","1.515","1.515","1.505","-0.66%"
"2023-3-23","1.515","1.535","1.535","1.515","-1.30%"
"2023-3-22","1.535","1.535","1.535","1.535","0.00%"
"2023-3-21","1.535","1.535","1.535","1.535","0.00%"
"2023-3-20","1.535","1.535","1.535","1.535","0.00%"
"2023-3-17","1.535","1.525","1.535","1.525","0.66%"
"2023-3-16","1.525","1.545","1.545","1.525","-1.29%"
"2023-3-15","1.545","1.535","1.545","1.535","0.65%"
"2023-3-14","1.535","1.535","1.535","1.535","0.00%"
"2023-3-13","1.535","1.535","1.535","1.535","-1.92%"
"2023-3-10","1.565","1.565","1.565","1.565","0.00%"
"2023-3-9","1.565","1.545","1.565","1.545","1.29%"
"2023-3-8","1.545","1.555","1.555","1.545","-0.64%"
"2023-3-7","1.555","1.545","1.555","1.545","0.65%"
"2023-3-6","1.545","1.560","1.560","1.545","-0.96%"
"2023-3-3","1.560","1.555","1.560","1.555","0.32%"
"2023-3-2","1.555","1.545","1.555","1.545","0.65%"
"2023-3-1","1.545","1.545","1.545","1.545","0.00%"
"2023-2-28","1.545","1.545","1.545","1.545","0.00%"
"2023-2-27","1.545","1.545","1.545","1.545","0.00%"
"2023-2-24","1.545","1.545","1.545","1.545","0.00%"
"2023-2-23","1.545","1.545","1.545","1.545","0.00%"
"2023-2-22","1.545","1.525","1.545","1.525","1.31%"
"2023-2-21","1.525","1.525","1.525","1.525","0.00%"
"2023-2-20","1.525","1.525","1.525","1.525","0.00%"
"2023-2-17","1.525","1.505","1.525","1.505","1.33%"
"2023-2-16","1.505","1.495","1.505","1.495","0.67%"
"2023-2-15","1.495","1.485","1.495","1.485","0.67%"
"2023-2-14","1.485","1.485","1.485","1.485","0.00%"
"2023-2-13","1.485","1.485","1.485","1.485","-0.67%"
"2023-2-10","1.495","1.485","1.495","1.485","0.67%"
"2023-2-9","1.485","1.485","1.485","1.485","0.00%"
"2023-2-8","1.485","1.465","1.485","1.465","1.37%"
"2023-2-7","1.465","1.465","1.465","1.465","0.00%"
"2023-2-6","1.465","1.445","1.465","1.445","1.38%"
"2023-2-3","1.445","1.445","1.445","1.445","0.00%"
"2023-2-2","1.445","1.455","1.455","1.445","-0.69%"
"2023-2-1","1.455","1.455","1.455","1.455","0.00%"
"2023-1-31","1.455","1.455","1.455","1.455","0.00%"
"2023-1-30","1.455","1.455","1.455","1.455","0.00%"
"2023-1-27","1.455","1.455","1.455","1.455","0.00%"
"2023-1-26","1.455","1.455","1.455","1.455","0.00%"
"2023-1-25","1.455","1.455","1.455","1.455","0.00%"
"2023-1-24","1.455","1.455","1.455","1.455","0.00%"
"2023-1-23","1.455","1.455","1.455","1.455","0.00%"
"2023-1-20","1.455","1.475","1.475","1.455","-1.36%"
"2023-1-19","1.475","1.475","1.475","1.475","0.00%"
"2023-1-18","1.475","1.475","1.475","1.475","0.00%"
"2023-1-17","1.475","1.495","1.495","1.475","-1.34%"
"2023-1-16","1.495","1.495","1.495","1.495","0.00%"
"2023-1-13","1.495","1.525","1.525","1.495","-1.97%"
"2023-1-12","1.525","1.525","1.525","1.525","0.00%"
"2023-1-11","1.525","1.525","1.525","1.525","0.00%"
"2023-1-10","1.525","1.525","1.525","1.525","0.00%"
"2023-1-9","1.525","1.535","1.535","1.525","-0.65%"
"2023-1-6","1.535","1.535","1.535","1.535","0.00%"
"2023-1-5","1.535","1.535","1.535","1.535","0.00%"
"2023-1-4","1.535","1.535","1.535","1.535","0.00%"
"2023-1-3","1.535","1.555","1.555","1.535","-1.29%"
"2023-1-2","1.555","1.555","1.555","1.555","0.00%"
"2022-12-30","1.555","1.555","1.555","1.555","0.00%"
"2022-12-29","1.555","1.555","1.555","1.555","0.00%"
"2022-12-28","1.555","1.575","1.575","1.555","-1.27%"
"2022-12-27","1.575","1.525","1.575","1.525","3.28%"
"2022-12-26","1.525","1.525","1.525","1.525","0.00%"
"2022-12-23","1.525","1.525","1.525","1.525","0.00%"
"2022-12-22","1.525","1.555","1.555","1.525","-1.93%"
"2022-12-21","1.555","1.575","1.575","1.555","-1.27%"
"2022-12-20","1.575","1.525","1.575","1.525","3.28%"
"2022-12-19","1.525","1.525","1.525","1.525","-3.17%"
"2022-12-16","1.575","1.770","1.770","1.575","-11.02%"
"2022-12-15","1.770","1.775","1.775","1.770","-0.28%"
"2022-12-14","1.775","1.765","1.775","1.765","0.57%"
"2022-12-13","1.765","1.775","1.775","1.765","-0.56%"
"2022-12-12","1.775","1.755","1.775","1.755","1.14%"
"2022-12-9","1.755","1.755","1.755","1.755","0.00%"
"2022-12-8","1.755","1.755","1.755","1.755","-0.57%"
"2022-12-7","1.765","1.925","1.925","1.765","-8.31%"
"2022-12-6","1.925","1.914","1.925","1.914","0.57%"
"2022-12-5","1.914","1.914","1.914","1.914","-0.57%"
"2022-12-2","1.925","1.925","1.925","1.925","-2.53%"
"2022-12-1","1.975","2.025","2.025","1.975","-2.47%"
"2022-11-30","2.025","2.075","2.075","2.025","-2.41%"
"2022-11-29","2.075","2.035","2.075","2.035","1.97%"
"2022-11-28","2.035","2.075","2.075","2.035","-1.93%"
"2022-11-25","2.075","2.095","2.095","2.075","-0.95%"
"2022-11-24","2.095","2.095","2.095","2.095","-1.41%"
"2022-11-23","2.125","2.140","2.140","2.125","-0.70%"
"2022-11-22","2.140","2.175","2.175","2.140","-1.61%"
"2022-11-21","2.175","2.175","2.175","2.175","1.16%"
"2022-11-18","2.150","2.150","2.150","2.150","-1.15%"
"2022-11-17","2.175","2.175","2.175","2.175","-5.23%"
"2022-11-16","2.295","2.305","2.305","2.295","-0.43%"
"2022-11-15","2.305","2.305","2.305","2.305","0.00%"
"2022-11-14","2.305","2.275","2.305","2.275","1.32%"
"2022-11-11","2.275","2.345","2.345","2.275","-2.99%"
"2022-11-10","2.345","2.335","2.345","2.335","0.43%"
"2022-11-9","2.335","2.350","2.350","2.335","-0.64%"
"2022-11-8","2.350","2.295","2.350","2.295","2.40%"
"2022-11-7","2.295","2.295","2.295","2.295","0.00%"
"2022-11-4","2.295","2.295","2.295","2.295","0.00%"
"2022-11-3","2.295","2.295","2.295","2.295","0.88%"
"2022-11-2","2.275","2.275","2.275","2.275","0.00%"
"2022-11-1","2.275","2.265","2.275","2.265","0.44%"
"2022-10-31","2.265","2.265","2.265","2.265","0.00%"
"2022-10-28","2.265","2.275","2.275","2.265","-0.44%"
"2022-10-27","2.275","2.265","2.275","2.265","0.44%"
"2022-10-26","2.265","2.175","2.265","2.175","4.14%"
"2022-10-25","2.175","1.985","2.175","1.985","9.57%"
"2022-10-24","1.985","1.985","1.985","1.985","0.00%"
"2022-10-21","1.985","1.985","1.985","1.985","-0.50%"
"2022-10-20","1.995","1.995","1.995","1.995","0.00%"
"2022-10-19","1.995","1.995","1.995","1.995","0.00%"
"2022-10-18","1.995","1.995","1.995","1.995","0.00%"
"2022-10-17","1.995","1.975","1.995","1.975","1.01%"
"2022-10-14","1.975","1.975","1.975","1.975","-0.50%"
"2022-10-13","1.985","1.985","1.985","1.985","0.00%"
"2022-10-12","1.985","1.985","1.985","1.985","0.00%"
"2022-10-11","1.985","1.975","1.985","1.975","0.51%"
"2022-10-10","1.975","1.975","1.975","1.975","1.02%"
"2022-10-7","1.955","1.955","1.955","1.955","1.56%"
"2022-10-6","1.925","1.925","1.925","1.925","0.52%"
"2022-10-5","1.915","1.905","1.915","1.905","0.52%"
"2022-10-4","1.905","1.905","1.905","1.905","-1.55%"
"2022-10-3","1.935","1.935","1.935","1.935","-0.51%"
"2022-9-30","1.945","1.945","1.945","1.945","1.04%"
"2022-9-29","1.925","1.925","1.925","1.925","0.00%"
"2022-9-28","1.925","1.815","1.925","1.815","6.06%"
"2022-9-27","1.815","1.735","1.815","1.735","4.61%"
"2022-9-26","1.735","1.695","1.735","1.695","2.36%"
"2022-9-23","1.695","1.695","1.695","1.695","0.00%"
"2022-9-22","1.695","1.685","1.695","1.685","0.59%"
"2022-9-21","1.685","1.685","1.685","1.685","0.00%"
"2022-9-20","1.685","1.685","1.685","1.685","-0.59%"
"2022-9-19","1.695","1.695","1.695","1.695","0.59%"
"2022-9-16","1.685","1.675","1.685","1.675","0.60%"
"2022-9-15","1.675","1.675","1.675","1.675","0.00%"
"2022-9-14","1.675","1.645","1.675","1.645","1.82%"
"2022-9-13","1.645","1.625","1.645","1.625","1.23%"
"2022-9-12","1.625","1.625","1.625","1.625","0.62%"
"2022-9-9","1.615","1.615","1.615","1.615","0.00%"
"2022-9-8","1.615","1.615","1.615","1.615","-1.82%"
"2022-9-7","1.645","1.645","1.645","1.645","0.00%"
"2022-9-6","1.645","1.645","1.645","1.645","0.00%"
"2022-9-5","1.645","1.645","1.645","1.645","-1.79%"
"2022-9-2","1.675","1.645","1.675","1.645","1.82%"
"2022-9-1","1.645","1.635","1.645","1.635","0.61%"
"2022-8-31","1.635","1.625","1.635","1.625","0.62%"
"2022-8-30","1.625","1.645","1.645","1.625","-1.22%"
"2022-8-29","1.645","1.615","1.645","1.615","1.86%"
"2022-8-26","1.615","1.615","1.615","1.615","0.00%"
"2022-8-25","1.615","1.615","1.615","1.615","0.00%"
"2022-8-24","1.615","1.625","1.625","1.615","-0.62%"
"2022-8-23","1.625","1.645","1.645","1.625","-1.22%"
"2022-8-22","1.645","1.645","1.645","1.645","-0.60%"
"2022-8-19","1.655","1.655","1.655","1.655","0.00%"
"2022-8-18","1.655","1.655","1.655","1.655","0.00%"
"2022-8-17","1.655","1.645","1.655","1.645","0.61%"
"2022-8-16","1.645","1.655","1.655","1.645","-0.60%"
"2022-8-15","1.655","1.635","1.655","1.635","1.22%"
"2022-8-12","1.635","1.655","1.655","1.635","-1.21%"
"2022-8-11","1.655","1.645","1.655","1.645","0.61%"
"2022-8-10","1.645","1.645","1.645","1.645","0.00%"
"2022-8-9","1.645","1.645","1.645","1.645","0.00%"
"2022-8-8","1.645","1.645","1.645","1.645","0.00%"
"2022-8-5","1.645","1.645","1.645","1.645","0.00%"
"2022-8-4","1.645","1.665","1.665","1.645","-1.20%"
"2022-8-3","1.665","1.645","1.665","1.645","1.22%"
"2022-8-2","1.645","1.645","1.645","1.645","0.00%"
"2022-8-1","1.645","1.645","1.645","1.645","0.00%"
"2022-7-29","1.645","1.675","1.675","1.645","-1.79%"
"2022-7-28","1.675","1.725","1.725","1.675","-2.90%"
"2022-7-27","1.725","1.725","1.725","1.725","0.00%"
"2022-7-26","1.725","1.745","1.745","1.725","-1.15%"
"2022-7-25","1.745","1.745","1.745","1.745","-0.57%"
"2022-7-22","1.755","1.775","1.775","1.755","-1.13%"
"2022-7-21","1.775","1.775","1.775","1.775","0.00%"
"2022-7-20","1.775","1.775","1.775","1.775","0.00%"
"2022-7-19","1.775","1.775","1.775","1.775","0.00%"
"2022-7-18","1.775","1.775","1.775","1.775","0.00%"
"2022-7-15","1.775","1.775","1.775","1.775","0.00%"
"2022-7-14","1.775","1.775","1.775","1.775","0.00%"
"2022-7-13","1.775","1.785","1.785","1.775","-0.56%"
"2022-7-12","1.785","1.785","1.785","1.785","0.00%"
"2022-7-11","1.785","1.785","1.785","1.785","0.00%"
"2022-7-8","1.785","1.795","1.795","1.785","-0.56%"
"2022-7-7","1.795","1.775","1.795","1.775","1.13%"
"2022-7-6","1.775","1.805","1.805","1.775","-1.66%"
"2022-7-5","1.805","1.805","1.805","1.805","0.00%"
"2022-7-4","1.805","1.815","1.815","1.805","-0.55%"
"2022-7-1","1.815","1.835","1.835","1.815","-1.09%"
"2022-6-30","1.835","1.835","1.835","1.835","0.00%"
"2022-6-29","1.835","1.835","1.835","1.835","-3.17%"
"2022-6-28","1.895","1.925","1.925","1.875","-1.56%"
"2022-6-27","1.925","1.925","1.925","1.925","0.00%"
"2022-6-24","1.925","1.925","1.925","1.925","0.00%"
"2022-6-23","1.925","1.925","1.925","1.925","0.00%"
"2022-6-22","1.925","1.935","1.935","1.925","-0.52%"
"2022-6-21","1.935","1.975","1.975","1.935","-2.03%"
"2022-6-20","1.975","1.965","1.975","1.965","0.51%"
"2022-6-17","1.965","1.955","1.965","1.955","0.51%"
"2022-6-16","1.955","1.975","1.975","1.955","-1.01%"
"2022-6-15","1.975","1.975","1.975","1.975","0.00%"
"2022-6-14","1.975","1.905","1.975","1.905","3.67%"
"2022-6-13","1.905","1.875","1.905","1.875","1.60%"
"2022-6-10","1.875","1.875","1.875","1.875","0.00%"
"2022-6-9","1.875","1.875","1.875","1.875","0.00%"
"2022-6-8","1.875","1.875","1.875","1.875","0.00%"
"2022-6-7","1.875","1.825","1.875","1.825","2.74%"
"2022-6-6","1.825","1.805","1.825","1.805","1.11%"
"2022-6-3","1.805","1.805","1.805","1.805","0.00%"
"2022-6-2","1.805","1.805","1.805","1.805","0.00%"
"2022-6-1","1.805","1.805","1.805","1.805","0.00%"
"2022-5-31","1.805","1.805","1.805","1.805","0.00%"
"2022-5-30","1.805","1.765","1.805","1.765","2.27%"
"2022-5-27","1.765","1.765","1.765","1.765","0.00%"
"2022-5-26","1.765","1.765","1.765","1.765","0.00%"
"2022-5-25","1.765","1.765","1.765","1.765","0.00%"
"2022-5-24","1.765","1.775","1.775","1.765","-0.56%"
"2022-5-23","1.775","1.775","1.775","1.775","-3.27%"
"2022-5-20","1.835","1.865","1.865","1.835","-1.61%"
"2022-5-19","1.865","1.875","1.875","1.865","-0.53%"
"2022-5-18","1.875","1.875","1.875","1.875","0.00%"
"2022-5-17","1.875","1.895","1.895","1.875","-1.06%"
"2022-5-16","1.895","1.895","1.895","1.895","0.00%"
"2022-5-13","1.895","1.895","1.895","1.895","0.00%"
"2022-5-12","1.895","1.895","1.895","1.895","4.41%"
"2022-5-11","1.815","1.815","1.815","1.815","0.00%"
"2022-5-10","1.815","1.675","1.815","1.675","6.76%"
"2022-5-9","1.700","1.700","1.700","1.700","46.55%"
"2022-5-6","1.160","1.160","1.160","1.160","0.00%"
"2022-5-5","1.160","1.160","1.160","1.160","0.43%"
"2022-5-4","1.155","1.155","1.155","1.155","-0.43%"
"2022-5-3","1.160","1.160","1.160","1.160","2.20%"
"2022-5-2","1.135","1.135","1.135","1.135","0.00%"
"2022-4-29","1.135","1.125","1.135","1.125","0.89%"
"2022-4-28","1.125","1.125","1.125","1.125","0.00%"
"2022-4-27","1.125","1.125","1.125","1.125","-2.17%"
"2022-4-26","1.150","1.150","1.150","1.150","0.00%"
"2022-4-25","1.150","1.150","1.150","1.150","0.88%"
"2022-4-22","1.140","1.140","1.140","1.140","0.88%"
"2022-4-21","1.130","1.130","1.130","1.130","-0.44%"
"2022-4-20","1.135","1.135","1.135","1.135","1.79%"
"2022-4-19","1.115","1.110","1.115","1.110","0.45%"
"2022-4-18","1.110","1.110","1.110","1.110","-0.45%"
"2022-4-15","1.115","1.115","1.115","1.115","-0.45%"
"2022-4-14","1.120","1.120","1.120","1.120","-0.44%"
"2022-4-13","1.125","1.115","1.125","1.115","0.90%"
"2022-4-12","1.115","1.095","1.115","1.095","1.83%"
"2022-4-11","1.095","1.095","1.095","1.095","0.46%"
"2022-4-8","1.090","1.090","1.090","1.090","0.00%"
"2022-4-7","1.090","1.100","1.100","1.090","-0.91%"
"2022-4-6","1.100","1.085","1.100","1.085","1.38%"
"2022-4-5","1.085","1.085","1.085","1.085","0.00%"
"2022-4-4","1.085","1.085","1.085","1.085","0.00%"
"2022-4-1","1.085","1.080","1.085","1.080","0.00%"
"2022-3-31","1.085","1.080","1.085","1.080","0.00%"
"2022-3-30","1.085","1.090","1.090","1.085","-0.46%"
"2022-3-29","1.090","1.090","1.090","1.090","-0.46%"
"2022-3-28","1.095","1.080","1.095","1.080","1.39%"
"2022-3-25","1.080","1.065","1.080","1.065","1.41%"
"2022-3-24","1.065","1.065","1.065","1.065","0.47%"
"2022-3-23","1.060","1.065","1.065","1.060","-0.47%"
"2022-3-22","1.065","1.065","1.065","1.065","2.40%"
"2022-3-21","1.040","1.045","1.045","1.040","-0.48%"
"2022-3-18","1.045","1.060","1.060","1.045","-1.42%"
"2022-3-17","1.060","1.065","1.065","1.060","-0.47%"
"2022-3-16","1.065","1.080","1.080","1.065","-1.39%"
"2022-3-15","1.080","1.085","1.085","1.080","-0.46%"
"2022-3-14","1.085","1.085","1.085","1.085","0.93%"
"2022-3-11","1.075","1.070","1.075","1.070","0.47%"
"2022-3-10","1.070","1.070","1.070","1.070","0.00%"
"2022-3-9","1.070","1.075","1.075","1.070","-0.47%"
"2022-3-8","1.075","1.070","1.075","1.070","0.47%"
"2022-3-7","1.070","1.070","1.070","1.070","0.94%"
"2022-3-4","1.060","1.070","1.070","1.060","-0.93%"
"2022-3-3","1.070","1.085","1.085","1.070","-1.38%"
"2022-3-2","1.085","1.095","1.095","1.085","-0.91%"
"2022-3-1","1.095","1.085","1.095","1.085","0.92%"
"2022-2-28","1.085","1.085","1.085","1.085","0.00%"
"2022-2-25","1.085","1.095","1.095","1.085","-0.91%"
"2022-2-24","1.095","1.085","1.095","1.085","0.92%"
"2022-2-23","1.085","1.070","1.085","1.070","1.40%"
"2022-2-22","1.070","1.075","1.075","1.070","-0.47%"
"2022-2-21","1.075","1.100","1.100","1.075","-2.27%"
"2022-2-18","1.100","1.105","1.105","1.100","-0.45%"
"2022-2-17","1.105","1.115","1.115","1.105","-0.90%"
"2022-2-16","1.115","1.125","1.125","1.115","-0.89%"
"2022-2-15","1.125","1.120","1.125","1.120","0.45%"
"2022-2-14","1.120","1.125","1.125","1.120","-0.44%"
"2022-2-11","1.125","1.115","1.125","1.115","0.90%"
"2022-2-10","1.115","1.150","1.150","1.115","-3.04%"
"2022-2-9","1.150","1.145","1.150","1.145","0.44%"
"2022-2-8","1.145","1.140","1.145","1.140","0.44%"
"2022-2-7","1.140","1.145","1.145","1.140","-0.44%"
"2022-2-4","1.145","1.145","1.145","1.145","0.00%"
"2022-2-3","1.145","1.145","1.145","1.145","0.00%"
"2022-2-2","1.145","1.145","1.145","1.145","0.00%"
"2022-2-1","1.145","1.145","1.145","1.145","0.00%"
"2022-1-31","1.145","1.145","1.145","1.145","0.00%"
"2022-1-28","1.145","1.145","1.145","1.145","0.00%"
"2022-1-27","1.145","1.145","1.145","1.145","0.00%"
"2022-1-26","1.145","1.150","1.150","1.145","-0.43%"
"2022-1-25","1.150","1.135","1.150","1.135","1.32%"
"2022-1-24","1.135","1.125","1.135","1.125","0.89%"
"2022-1-21","1.125","1.145","1.145","1.125","-1.75%"
"2022-1-20","1.145","1.155","1.155","1.145","-0.87%"
"2022-1-19","1.155","1.165","1.165","1.155","-0.86%"
"2022-1-18","1.165","1.145","1.165","1.145","1.75%"
"2022-1-17","1.145","1.135","1.145","1.135","0.88%"
"2022-1-14","1.135","1.165","1.165","1.135","-2.58%"
"2022-1-13","1.165","1.200","1.200","1.165","-2.92%"
"2022-1-12","1.200","1.205","1.205","1.200","-0.41%"
"2022-1-11","1.205","1.190","1.205","1.190","1.26%"
"2022-1-10","1.190","1.190","1.190","1.190","0.00%"
"2022-1-7","1.190","1.185","1.190","1.185","0.42%"
"2022-1-6","1.185","1.175","1.185","1.175","0.85%"
"2022-1-5","1.175","1.180","1.180","1.175","-0.42%"
"2022-1-4","1.180","1.185","1.185","1.180","-0.42%"
"2022-1-3","1.185","1.165","1.185","1.165","1.72%"
"2021-12-31","1.165","1.165","1.165","1.165","0.00%"
"2021-12-30","1.165","1.155","1.165","1.155","0.87%"
"2021-12-29","1.155","1.105","1.155","1.105","4.52%"
"2021-12-28","1.105","1.110","1.110","1.105","-0.45%"
"2021-12-27","1.110","1.090","1.110","1.090","1.83%"
"2021-12-24","1.090","1.090","1.090","1.090","0.00%"
"2021-12-23","1.090","1.090","1.090","1.090","0.00%"
"2021-12-22","1.090","1.095","1.095","1.090","-0.46%"
"2021-12-21","1.095","1.115","1.115","1.095","-1.79%"
"2021-12-20","1.115","1.089","1.115","1.089","51.70%"
"2021-12-17","0.735","0.735","0.735","0.735","0.00%"
"2021-12-16","0.735","0.720","0.735","0.720","2.08%"
"2021-12-15","0.720","0.725","0.725","0.720","-0.69%"
"2021-12-14","0.725","0.725","0.725","0.725","0.00%"
"2021-12-13","0.725","0.730","0.730","0.725","-0.68%"
"2021-12-10","0.730","0.725","0.730","0.725","0.69%"
"2021-12-9","0.725","0.725","0.725","0.725","0.00%"
"2021-12-8","0.725","0.720","0.725","0.720","0.69%"
"2021-12-7","0.720","0.715","0.720","0.715","0.70%"
"2021-12-6","0.715","0.740","0.740","0.715","-1.38%"
"2021-12-3","0.725","0.725","0.725","0.725","0.00%"
"2021-12-2","0.725","0.730","0.730","0.725","-0.68%"
"2021-12-1","0.730","0.735","0.735","0.730","-0.68%"
"2021-11-30","0.735","0.730","0.735","0.730","0.68%"
"2021-11-29","0.730","0.735","0.735","0.730","-0.68%"
"2021-11-26","0.735","0.735","0.735","0.735","0.00%"
"2021-11-25","0.735","0.725","0.735","0.725","1.38%"
"2021-11-24","0.725","0.720","0.725","0.720","0.69%"
"2021-11-23","0.720","0.725","0.725","0.720","-0.69%"
"2021-11-22","0.725","0.725","0.725","0.725","0.00%"
"2021-11-19","0.725","0.735","0.735","0.725","-1.36%"
"2021-11-18","0.735","0.735","0.735","0.735","0.00%"
"2021-11-17","0.735","0.725","0.735","0.725","1.38%"
"2021-11-16","0.725","0.730","0.730","0.725","-0.68%"
"2021-11-15","0.730","0.735","0.735","0.730","-0.68%"
"2021-11-12","0.735","0.735","0.735","0.735","0.00%"
"2021-11-11","0.735","0.735","0.735","0.735","0.00%"
"2021-11-10","0.735","0.735","0.735","0.735","0.00%"
"2021-11-9","0.735","0.730","0.735","0.730","0.68%"
"2021-11-8","0.730","0.735","0.735","0.730","-0.68%"
"2021-11-5","0.735","0.740","0.740","0.735","-0.68%"
"2021-11-4","0.740","0.740","0.740","0.740","0.00%"
"2021-11-3","0.740","0.745","0.745","0.740","-0.67%"
"2021-11-2","0.745","0.760","0.760","0.745","-1.97%"
"2021-11-1","0.760","0.740","0.760","0.740","2.70%"
"2021-10-29","0.740","0.745","0.745","0.740","-0.67%"
"2021-10-28","0.745","0.740","0.745","0.740","0.68%"
"2021-10-27","0.740","0.740","0.740","0.740","-0.67%"
"2021-10-26","0.745","0.730","0.745","0.730","2.05%"
"2021-10-25","0.730","0.735","0.735","0.730","-0.68%"
"2021-10-22","0.735","0.745","0.745","0.735","-1.34%"
"2021-10-21","0.745","0.760","0.760","0.745","-1.97%"
"2021-10-20","0.760","0.765","0.765","0.760","-0.65%"
"2021-10-19","0.765","0.765","0.765","0.765","0.00%"
"2021-10-18","0.765","0.765","0.765","0.765","4.08%"
"2021-10-15","0.735","0.735","0.735","0.735","0.00%"
"2021-10-14","0.735","0.735","0.735","0.735","0.00%"
"2021-10-13","0.735","0.735","0.735","0.735","0.00%"
"2021-10-12","0.735","0.730","0.735","0.730","0.68%"
"2021-10-11","0.730","0.730","0.730","0.730","0.00%"
"2021-10-8","0.730","0.735","0.735","0.730","-0.68%"
"2021-10-7","0.735","0.710","0.735","0.710","3.52%"
"2021-10-6","0.710","0.710","0.710","0.710","0.00%"
"2021-10-5","0.710","0.715","0.715","0.710","-0.70%"
"2021-10-4","0.715","0.715","0.715","0.715","2.14%"
"2021-10-1","0.700","0.700","0.700","0.700","0.00%"
"2021-9-30","0.700","0.705","0.705","0.700","-0.71%"
"2021-9-29","0.705","0.695","0.705","0.695","1.44%"
"2021-9-28","0.695","0.700","0.700","0.695","-0.71%"
"2021-9-27","0.700","0.700","0.700","0.700","2.94%"
"2021-9-24","0.680","0.675","0.680","0.675","0.74%"
"2021-9-23","0.675","0.675","0.675","0.675","0.00%"
"2021-9-22","0.675","0.675","0.675","0.675","0.00%"
"2021-9-21","0.675","0.675","0.675","0.675","0.00%"
"2021-9-20","0.675","0.675","0.675","0.675","0.00%"
"2021-9-17","0.675","0.680","0.680","0.675","-0.74%"
"2021-9-16","0.680","0.685","0.685","0.680","-0.73%"
"2021-9-15","0.685","0.685","0.685","0.685","0.00%"
"2021-9-14","0.685","0.685","0.685","0.685","0.00%"
"2021-9-13","0.685","0.685","0.685","0.685","0.74%"
"2021-9-10","0.680","0.680","0.680","0.680","0.00%"
"2021-9-9","0.680","0.680","0.680","0.680","0.00%"
"2021-9-8","0.680","0.685","0.685","0.680","-0.73%"
"2021-9-7","0.685","0.685","0.685","0.685","0.00%"
"2021-9-6","0.685","0.685","0.685","0.685","0.74%"
"2021-9-3","0.680","0.675","0.680","0.675","0.74%"
"2021-9-2","0.675","0.680","0.680","0.675","-0.74%"
"2021-9-1","0.680","0.680","0.680","0.680","0.00%"
"2021-8-31","0.680","0.685","0.685","0.680","-0.73%"
"2021-8-30","0.685","0.675","0.685","0.675","1.48%"
"2021-8-27","0.675","0.675","0.675","0.675","0.00%"
"2021-8-26","0.675","0.670","0.675","0.670","0.75%"
"2021-8-25","0.670","0.665","0.670","0.665","0.75%"
"2021-8-24","0.665","0.655","0.665","0.655","1.53%"
"2021-8-23","0.655","0.645","0.655","0.645","1.55%"
"2021-8-20","0.645","0.660","0.660","0.645","-2.27%"
"2021-8-19","0.660","0.655","0.660","0.655","0.76%"
"2021-8-18","0.655","0.660","0.660","0.655","-0.76%"
"2021-8-17","0.660","0.665","0.665","0.660","-0.75%"
"2021-8-16","0.665","0.665","0.665","0.665","0.00%"
"2021-8-13","0.665","0.665","0.665","0.665","0.00%"
"2021-8-12","0.665","0.660","0.665","0.660","0.76%"
"2021-8-11","0.660","0.660","0.660","0.660","0.00%"
"2021-8-10","0.660","0.660","0.660","0.660","0.00%"
"2021-8-9","0.660","0.660","0.660","0.660","0.00%"
"2021-8-6","0.660","0.665","0.665","0.660","-0.75%"
"2021-8-5","0.665","0.670","0.670","0.665","-0.75%"
"2021-8-4","0.670","0.670","0.670","0.670","0.00%"
"2021-8-3","0.670","0.670","0.670","0.670","0.75%"
"2021-8-2","0.665","0.660","0.665","0.660","0.76%"
"2021-7-30","0.660","0.655","0.660","0.655","0.76%"
"2021-7-29","0.655","0.650","0.655","0.650","0.77%"
"2021-7-28","0.650","0.645","0.650","0.645","0.78%"
"2021-7-27","0.645","0.645","0.645","0.645","0.00%"
"2021-7-26","0.645","0.645","0.645","0.645","0.00%"
"2021-7-23","0.645","0.645","0.645","0.645","0.00%"
"2021-7-22","0.645","0.645","0.645","0.645","0.00%"
"2021-7-21","0.645","0.640","0.645","0.640","0.78%"
"2021-7-20","0.640","0.650","0.650","0.640","-1.54%"
"2021-7-19","0.650","0.655","0.655","0.650","-0.76%"
"2021-7-16","0.655","0.655","0.655","0.655","0.00%"
"2021-7-15","0.655","0.660","0.660","0.655","-0.76%"
"2021-7-14","0.660","0.655","0.660","0.655","0.76%"
"2021-7-13","0.655","0.640","0.655","0.640","2.34%"
"2021-7-12","0.640","0.640","0.640","0.640","0.00%"
"2021-7-9","0.640","0.650","0.650","0.640","-1.54%"
"2021-7-8","0.650","0.655","0.655","0.650","-0.76%"
"2021-7-7","0.655","0.665","0.665","0.655","-1.50%"
"2021-7-6","0.665","0.670","0.670","0.665","-0.75%"
"2021-7-5","0.670","0.675","0.675","0.670","-0.74%"
"2021-7-2","0.675","0.675","0.675","0.675","0.00%"
"2021-7-1","0.675","0.680","0.680","0.675","-0.74%"
"2021-6-30","0.680","0.685","0.685","0.680","-0.73%"
"2021-6-29","0.685","0.690","0.690","0.685","-0.72%"
"2021-6-28","0.690","0.695","0.695","0.690","-0.72%"
"2021-6-25","0.695","0.690","0.695","0.690","0.72%"
"2021-6-24","0.690","0.685","0.690","0.685","0.73%"
"2021-6-23","0.685","0.700","0.700","0.685","-5.52%"
"2021-6-22","0.725","0.725","0.725","0.725","-0.68%"
"2021-6-21","0.730","0.730","0.730","0.730","0.00%"
"2021-6-18","0.730","0.730","0.730","0.730","0.00%"
"2021-6-17","0.730","0.730","0.730","0.730","0.00%"
"2021-6-16","0.730","0.730","0.730","0.730","2.82%"
"2021-6-15","0.710","0.715","0.715","0.710","-0.70%"
"2021-6-14","0.715","0.715","0.715","0.715","0.00%"
"2021-6-11","0.715","0.720","0.720","0.715","-0.69%"
"2021-6-10","0.720","0.715","0.720","0.715","0.70%"
"2021-6-9","0.715","0.715","0.715","0.715","0.00%"
"2021-6-8","0.715","0.720","0.720","0.715","-0.69%"
"2021-6-7","0.720","0.710","0.720","0.710","1.41%"
"2021-6-4","0.710","0.715","0.715","0.710","-0.70%"
"2021-6-3","0.715","0.725","0.725","0.715","-1.38%"
"2021-6-2","0.725","0.725","0.725","0.725","0.00%"
"2021-6-1","0.725","0.730","0.730","0.725","-0.68%"
"2021-5-31","0.730","0.730","0.730","0.730","0.00%"
"2021-5-28","0.730","0.730","0.730","0.730","0.00%"
"2021-5-27","0.730","0.735","0.735","0.730","-0.68%"
"2021-5-26","0.735","0.730","0.735","0.730","0.68%"
"2021-5-25","0.730","0.725","0.730","0.725","0.69%"
"2021-5-24","0.725","0.715","0.725","0.715","1.40%"
"2021-5-21","0.715","0.730","0.730","0.715","-2.05%"
"2021-5-20","0.730","0.735","0.735","0.730","-0.68%"
"2021-5-19","0.735","0.725","0.735","0.725","1.38%"
"2021-5-18","0.725","0.735","0.735","0.725","-1.36%"
"2021-5-17","0.735","0.735","0.735","0.735","0.00%"
"2021-5-14","0.735","0.735","0.735","0.735","0.00%"
"2021-5-13","0.735","0.735","0.735","0.735","0.00%"
"2021-5-12","0.735","0.735","0.735","0.735","0.00%"
"2021-5-11","0.735","0.735","0.735","0.735","0.00%"
"2021-5-10","0.735","0.735","0.735","0.735","0.00%"
"2021-5-7","0.735","0.730","0.735","0.730","0.68%"
"2021-5-6","0.730","0.735","0.735","0.730","-0.68%"
"2021-5-5","0.735","0.735","0.735","0.735","0.00%"
"2021-5-4","0.735","0.730","0.735","0.730","0.68%"
"2021-5-3","0.730","0.735","0.735","0.730","-0.68%"
"2021-4-30","0.735","0.735","0.735","0.735","0.00%"
"2021-4-29","0.735","0.735","0.735","0.735","0.00%"
"2021-4-28","0.735","0.735","0.735","0.735","0.00%"
"2021-4-27","0.735","0.735","0.735","0.735","0.00%"
"2021-4-26","0.735","0.735","0.735","0.735","0.00%"
"2021-4-23","0.735","0.735","0.735","0.735","0.00%"
"2021-4-22","0.735","0.730","0.735","0.730","0.68%"
"2021-4-21","0.730","0.730","0.730","0.730","-0.68%"
"2021-4-20","0.735","0.745","0.745","0.735","-1.34%"
"2021-4-19","0.745","0.740","0.745","0.740","0.68%"
"2021-4-16","0.740","0.735","0.740","0.735","0.68%"
"2021-4-15","0.735","0.735","0.735","0.735","0.00%"
"2021-4-14","0.735","0.735","0.735","0.735","0.00%"
"2021-4-13","0.735","0.735","0.735","0.735","0.00%"
"2021-4-12","0.735","0.765","0.765","0.735","-3.92%"
"2021-4-9","0.765","0.765","0.765","0.765","0.00%"
"2021-4-8","0.765","0.760","0.765","0.760","0.66%"
"2021-4-7","0.760","0.760","0.760","0.760","0.00%"
"2021-4-6","0.760","0.760","0.760","0.760","0.00%"
"2021-4-5","0.760","0.760","0.760","0.760","0.00%"
"2021-4-2","0.760","0.760","0.760","0.760","0.00%"
"2021-4-1","0.760","0.765","0.765","0.760","-0.65%"
"2021-3-31","0.765","0.770","0.770","0.765","-0.65%"
"2021-3-30","0.770","0.790","0.790","0.770","-2.53%"
"2021-3-29","0.790","0.805","0.805","0.790","-1.86%"
"2021-3-26","0.805","0.810","0.810","0.805","-0.62%"
"2021-3-25","0.810","0.810","0.810","0.810","-1.22%"
"2021-3-24","0.820","0.820","0.820","0.820","0.00%"
"2021-3-23","0.820","0.820","0.820","0.820","-1.20%"
"2021-3-22","0.830","0.845","0.845","0.830","-1.78%"
"2021-3-19","0.845","0.830","0.845","0.830","1.81%"
"2021-3-18","0.830","0.815","0.830","0.815","1.84%"
"2021-3-17","0.815","0.815","0.815","0.815","-0.61%"
"2021-3-16","0.820","0.825","0.825","0.820","-0.61%"
"2021-3-15","0.825","0.820","0.825","0.820","0.61%"
"2021-3-12","0.820","0.790","0.820","0.790","3.80%"
"2021-3-11","0.790","0.770","0.790","0.770","2.60%"
"2021-3-10","0.770","0.770","0.770","0.770","0.00%"
"2021-3-9","0.770","0.760","0.770","0.760","1.32%"
"2021-3-8","0.760","0.760","0.760","0.760","0.00%"
"2021-3-5","0.760","0.755","0.760","0.755","0.66%"
"2021-3-4","0.755","0.730","0.755","0.730","3.42%"
"2021-3-3","0.730","0.750","0.750","0.730","-2.67%"
"2021-3-2","0.750","0.735","0.750","0.735","2.04%"
"2021-3-1","0.735","0.735","0.735","0.735","0.00%"
"2021-2-26","0.735","0.740","0.740","0.735","-0.68%"
"2021-2-25","0.740","0.760","0.760","0.740","-2.63%"
"2021-2-24","0.760","0.710","0.760","0.710","7.04%"
"2021-2-23","0.710","0.679","0.710","0.679","4.57%"
"2021-2-22","0.679","0.515","0.679","0.515","31.84%"
"2021-2-19","0.515","0.510","0.515","0.510","0.98%"
"2021-2-18","0.510","0.495","0.510","0.495","3.03%"
"2021-2-17","0.495","0.455","0.495","0.455","8.79%"
"2021-2-16","0.455","0.455","0.455","0.455","0.00%"
"2021-2-15","0.455","0.455","0.455","0.455","0.00%"
"2021-2-12","0.455","0.455","0.455","0.455","0.00%"
"2021-2-11","0.455","0.455","0.455","0.455","0.00%"
"2021-2-10","0.455","0.455","0.455","0.455","0.00%"
"2021-2-9","0.455","0.455","0.455","0.455","0.00%"
"2021-2-8","0.455","0.455","0.455","0.455","0.00%"
"2021-2-5","0.455","0.455","0.455","0.455","0.00%"
"2021-2-4","0.455","0.455","0.455","0.455","0.00%"
"2021-2-3","0.455","0.445","0.455","0.445","2.25%"
"2021-2-2","0.445","0.450","0.450","0.445","-1.11%"
"2021-2-1","0.450","0.445","0.450","0.445","1.12%"
"2021-1-29","0.445","0.450","0.450","0.445","-1.11%"
"2021-1-28","0.450","0.445","0.450","0.445","1.12%"
"2021-1-27","0.445","0.435","0.445","0.435","2.30%"
"2021-1-26","0.435","0.415","0.435","0.415","4.82%"
"2021-1-25","0.415","0.415","0.415","0.415","0.00%"
"2021-1-22","0.415","0.405","0.415","0.405","2.47%"
"2021-1-21","0.405","0.410","0.410","0.405","-1.22%"
"2021-1-20","0.410","0.410","0.410","0.410","0.00%"
"2021-1-19","0.410","0.410","0.410","0.410","0.00%"
"2021-1-18","0.410","0.410","0.410","0.410","0.00%"
"2021-1-15","0.410","0.400","0.410","0.400","2.50%"
"2021-1-14","0.400","0.400","0.400","0.400","0.00%"
"2021-1-13","0.400","0.390","0.400","0.390","2.56%"
"2021-1-12","0.390","0.405","0.405","0.390","-3.70%"
"2021-1-11","0.405","0.420","0.420","0.405","-3.57%"
"2021-1-8","0.420","0.420","0.420","0.420","-2.33%"
"2021-1-7","0.430","0.385","0.430","0.385","11.69%"
"2021-1-6","0.385","0.385","0.385","0.385","0.00%"
"2021-1-5","0.385","0.405","0.405","0.385","-4.94%"
"2021-1-4","0.405","0.380","0.405","0.380","6.58%"
"2020-12-31","0.380","0.390","0.390","0.380","-2.56%"
"2020-12-30","0.390","0.390","0.390","0.390","0.00%"
"2020-12-29","0.390","0.380","0.390","0.380","2.63%"
"2020-12-28","0.380","0.400","0.400","0.380","-5.00%"
"2020-12-25","0.400","0.375","0.400","0.375","6.67%"
"2020-12-24","0.375","0.375","0.375","0.375","0.00%"
"2020-12-23","0.375","0.380","0.380","0.375","-1.32%"
"2020-12-22","0.380","0.390","0.390","0.380","-2.56%"
"2020-12-21","0.390","0.400","0.400","0.390","-2.50%"
"2020-12-18","0.400","0.400","0.400","0.400","0.00%"
"2020-12-17","0.400","0.400","0.400","0.400","0.00%"
"2020-12-16","0.400","0.380","0.400","0.380","5.26%"
"2020-12-15","0.380","0.405","0.405","0.380","-6.17%"
"2020-12-14","0.405","0.420","0.420","0.405","-3.57%"
"2020-12-11","0.420","0.435","0.435","0.420","-3.45%"
"2020-12-10","0.435","0.405","0.435","0.405","7.41%"
"2020-12-9","0.405","0.400","0.405","0.400","1.25%"
"2020-12-8","0.400","0.395","0.400","0.395","1.27%"
"2020-12-7","0.395","0.380","0.395","0.380","3.95%"
"2020-12-4","0.380","0.390","0.390","0.380","-2.56%"
"2020-12-3","0.390","0.350","0.390","0.350","11.43%"
"2020-12-2","0.350","0.360","0.360","0.350","-2.78%"
"2020-12-1","0.360","0.360","0.360","0.360","0.00%"
"2020-11-30","0.360","0.370","0.370","0.360","-2.70%"
"2020-11-27","0.370","0.400","0.400","0.370","-7.50%"
"2020-11-26","0.400","0.400","0.400","0.400","0.00%"
"2020-11-25","0.400","0.400","0.400","0.400","0.00%"
"2020-11-24","0.400","0.450","0.450","0.400","-11.11%"
"2020-11-23","0.450","0.460","0.460","0.450","-2.17%"
"2020-11-20","0.460","0.460","0.460","0.460","0.00%"
"2020-11-19","0.460","0.465","0.465","0.460","-1.08%"
"2020-11-18","0.465","0.470","0.470","0.465","-1.06%"
"2020-11-17","0.470","0.480","0.480","0.470","-2.08%"
"2020-11-16","0.480","0.485","0.485","0.480","-1.03%"
"2020-11-13","0.485","0.485","0.485","0.485","0.00%"
"2020-11-12","0.485","0.485","0.485","0.485","0.00%"
"2020-11-11","0.485","0.480","0.485","0.480","1.04%"
"2020-11-10","0.480","0.490","0.490","0.480","-2.04%"
"2020-11-9","0.490","0.490","0.490","0.490","3.16%"
"2020-11-6","0.475","0.475","0.475","0.475","-2.06%"
"2020-11-5","0.485","0.500","0.500","0.485","-3.00%"
"2020-11-4","0.500","0.505","0.505","0.500","-0.99%"
"2020-11-3","0.505","0.510","0.510","0.505","-0.98%"
"2020-11-2","0.510","0.510","0.510","0.510","0.99%"
"2020-10-30","0.505","0.495","0.505","0.495","2.02%"
"2020-10-29","0.495","0.495","0.495","0.495","0.00%"
"2020-10-28","0.495","0.500","0.500","0.495","-1.00%"
"2020-10-27","0.500","0.505","0.505","0.500","-0.99%"
"2020-10-26","0.505","0.505","0.505","0.505","0.00%"
"2020-10-23","0.505","0.510","0.510","0.505","-0.98%"
"2020-10-22","0.510","0.505","0.510","0.505","0.99%"
"2020-10-21","0.505","0.505","0.505","0.505","1.00%"
"2020-10-20","0.500","0.490","0.500","0.490","2.04%"
"2020-10-19","0.490","0.500","0.500","0.490","-2.00%"
"2020-10-16","0.500","0.515","0.515","0.500","-2.91%"
"2020-10-15","0.515","0.530","0.530","0.515","-2.83%"
"2020-10-14","0.530","0.535","0.535","0.530","-0.93%"
"2020-10-13","0.535","0.540","0.540","0.535","-0.93%"
"2020-10-12","0.540","0.540","0.540","0.540","-6.09%"
"2020-10-9","0.575","0.575","0.575","0.575","0.00%"
"2020-10-8","0.575","0.575","0.575","0.575","0.00%"
"2020-10-7","0.575","0.580","0.580","0.575","-0.86%"
"2020-10-6","0.580","0.585","0.585","0.580","-0.85%"
"2020-10-5","0.585","0.590","0.590","0.585","-0.85%"
"2020-10-2","0.590","0.590","0.590","0.590","0.00%"
"2020-10-1","0.590","0.590","0.590","0.590","0.00%"
"2020-9-30","0.590","0.605","0.605","0.590","-2.48%"
"2020-9-29","0.605","0.605","0.605","0.605","0.00%"
"2020-9-28","0.605","0.605","0.605","0.605","0.00%"
"2020-9-25","0.605","0.585","0.605","0.585","3.42%"
"2020-9-24","0.585","0.590","0.590","0.585","-0.85%"
"2020-9-23","0.590","0.595","0.595","0.590","-0.84%"
"2020-9-22","0.595","0.585","0.595","0.585","1.71%"
"2020-9-21","0.585","0.585","0.585","0.585","0.00%"
"2020-9-18","0.585","0.595","0.595","0.585","-1.68%"
"2020-9-17","0.595","0.595","0.595","0.595","0.00%"
"2020-9-16","0.595","0.630","0.630","0.595","-5.56%"
"2020-9-15","0.630","0.640","0.640","0.630","-1.56%"
"2020-9-14","0.640","0.645","0.645","0.640","-0.78%"
"2020-9-11","0.645","0.650","0.650","0.645","-0.77%"
"2020-9-10","0.650","0.650","0.650","0.650","0.00%"
"2020-9-9","0.650","0.660","0.660","0.650","-1.52%"
"2020-9-8","0.660","0.655","0.660","0.655","0.76%"
"2020-9-7","0.655","0.655","0.655","0.655","0.00%"
"2020-9-4","0.655","0.675","0.675","0.655","-2.96%"
"2020-9-3","0.675","0.675","0.675","0.675","0.00%"
"2020-9-2","0.675","0.680","0.680","0.675","-0.74%"
"2020-9-1","0.680","0.675","0.680","0.675","0.74%"
"2020-8-31","0.675","0.685","0.685","0.675","-1.46%"
"2020-8-28","0.685","0.690","0.690","0.685","-0.72%"
"2020-8-27","0.690","0.685","0.690","0.685","0.73%"
"2020-8-26","0.685","0.660","0.685","0.660","3.79%"
"2020-8-25","0.660","0.650","0.660","0.650","1.54%"
"2020-8-24","0.650","0.650","0.650","0.650","0.00%"
"2020-8-21","0.650","0.655","0.655","0.650","-0.76%"
"2020-8-20","0.655","0.655","0.655","0.655","0.00%"
"2020-8-19","0.655","0.660","0.660","0.655","-0.76%"
"2020-8-18","0.660","0.660","0.660","0.660","0.00%"
"2020-8-17","0.660","0.650","0.660","0.650","1.54%"
"2020-8-14","0.650","0.650","0.650","0.650","0.00%"
"2020-8-13","0.650","0.645","0.650","0.645","0.78%"
"2020-8-12","0.645","0.645","0.645","0.645","0.00%"
"2020-8-11","0.645","0.650","0.650","0.645","-0.77%"
"2020-8-10","0.650","0.655","0.655","0.650","-0.76%"
"2020-8-7","0.655","0.660","0.660","0.655","-0.76%"
"2020-8-6","0.660","0.660","0.660","0.660","0.00%"
"2020-8-5","0.660","0.675","0.675","0.660","-2.22%"
"2020-8-4","0.675","0.680","0.680","0.675","-0.74%"
"2020-8-3","0.680","0.680","0.680","0.680","0.00%"
"2020-7-31","0.680","0.680","0.680","0.680","0.00%"
"2020-7-30","0.680","0.680","0.680","0.680","0.00%"
"2020-7-29","0.680","0.685","0.685","0.680","-0.73%"
"2020-7-28","0.685","0.685","0.685","0.685","0.00%"
"2020-7-27","0.685","0.685","0.685","0.685","0.00%"
"2020-7-24","0.685","0.685","0.685","0.685","0.00%"
"2020-7-23","0.685","0.700","0.700","0.685","-2.14%"
"2020-7-22","0.700","0.700","0.700","0.700","0.00%"
"2020-7-21","0.700","0.700","0.700","0.700","0.00%"
"2020-7-20","0.700","0.705","0.705","0.700","-0.71%"
"2020-7-17","0.705","0.710","0.710","0.705","-0.70%"
"2020-7-16","0.710","0.710","0.710","0.710","0.00%"
"2020-7-15","0.710","0.715","0.715","0.710","-0.70%"
"2020-7-14","0.715","0.710","0.715","0.710","0.70%"
"2020-7-13","0.710","0.710","0.710","0.710","0.00%"
"2020-7-10","0.710","0.715","0.715","0.710","-0.70%"
"2020-7-9","0.715","0.710","0.715","0.710","0.70%"
"2020-7-8","0.710","0.710","0.710","0.710","0.00%"
"2020-7-7","0.710","0.715","0.715","0.710","-0.70%"
"2020-7-6","0.715","0.690","0.715","0.690","3.62%"
"2020-7-3","0.690","0.710","0.710","0.690","-2.82%"
"2020-7-2","0.710","0.720","0.720","0.710","-1.39%"
"2020-7-1","0.720","0.710","0.720","0.710","1.41%"
"2020-6-30","0.710","0.705","0.710","0.705","0.71%"
"2020-6-29","0.705","0.715","0.715","0.705","-1.40%"
"2020-6-26","0.715","0.715","0.715","0.715","0.00%"
"2020-6-25","0.715","0.715","0.715","0.715","0.00%"
"2020-6-24","0.715","0.710","0.715","0.710","0.70%"
"2020-6-23","0.710","0.690","0.710","0.690","2.90%"
"2020-6-22","0.690","0.710","0.710","0.690","-2.82%"
"2020-6-19","0.710","0.715","0.715","0.710","-0.70%"
"2020-6-18","0.715","0.715","0.715","0.715","0.00%"
"2020-6-17","0.715","0.720","0.720","0.715","-0.69%"
"2020-6-16","0.720","0.700","0.720","0.700","2.86%"
"2020-6-15","0.700","0.700","0.700","0.700","0.00%"
"2020-6-12","0.700","0.685","0.700","0.685","2.19%"
"2020-6-11","0.685","0.660","0.685","0.660","3.79%"
"2020-6-10","0.660","0.700","0.700","0.660","-5.71%"
"2020-6-9","0.700","0.725","0.725","0.700","-3.45%"
"2020-6-8","0.725","0.680","0.725","0.680","6.62%"
"2020-6-5","0.680","0.685","0.685","0.680","-0.73%"
"2020-6-4","0.685","0.695","0.695","0.685","-1.44%"
"2020-6-3","0.695","0.700","0.700","0.695","-0.71%"
"2020-6-2","0.700","0.710","0.710","0.700","-1.41%"
"2020-6-1","0.710","0.710","0.710","0.710","0.00%"
"2020-5-29","0.710","0.710","0.710","0.710","0.00%"
"2020-5-28","0.710","0.715","0.715","0.710","-0.70%"
"2020-5-27","0.715","0.710","0.715","0.710","0.70%"
"2020-5-26","0.710","0.695","0.710","0.695","2.16%"
"2020-5-25","0.695","0.715","0.715","0.695","-2.80%"
"2020-5-22","0.715","0.710","0.715","0.710","0.70%"
"2020-5-21","0.710","0.725","0.725","0.710","-2.07%"
"2020-5-20","0.725","0.720","0.725","0.720","0.69%"
"2020-5-19","0.720","0.715","0.720","0.715","0.70%"
"2020-5-18","0.715","0.715","0.715","0.715","0.00%"
"2020-5-15","0.715","0.720","0.720","0.715","-0.69%"
"2020-5-14","0.720","0.760","0.760","0.720","-5.26%"
"2020-5-13","0.760","0.750","0.760","0.750","1.33%"
"2020-5-12","0.750","0.695","0.750","0.695","7.91%"
"2020-5-11","0.695","0.690","0.695","0.690","0.72%"
"2020-5-8","0.690","0.700","0.700","0.690","-1.43%"
"2020-5-7","0.700","0.705","0.705","0.700","-0.71%"
"2020-5-6","0.705","0.695","0.705","0.695","1.44%"
"2020-5-5","0.695","0.695","0.695","0.695","0.00%"
"2020-5-4","0.695","0.700","0.700","0.695","-0.71%"
"2020-5-1","0.700","0.700","0.700","0.700","0.00%"
"2020-4-30","0.700","0.695","0.700","0.695","0.72%"
"2020-4-29","0.695","0.700","0.700","0.695","-0.71%"
"2020-4-28","0.700","0.685","0.700","0.685","2.19%"
"2020-4-27","0.685","0.670","0.685","0.670","2.24%"
"2020-4-24","0.670","0.680","0.680","0.670","-1.47%"
"2020-4-23","0.680","0.695","0.695","0.680","-2.16%"
"2020-4-22","0.695","0.705","0.705","0.695","-1.42%"
"2020-4-21","0.705","0.705","0.705","0.705","-3.42%"
"2020-4-17","0.730","0.705","0.730","0.705","3.55%"
"2020-4-16","0.705","0.720","0.720","0.705","-2.08%"
"2020-4-15","0.720","0.735","0.735","0.720","-2.04%"
"2020-4-14","0.735","0.740","0.740","0.735","-0.68%"
"2020-4-13","0.740","0.735","0.740","0.735","0.68%"
"2020-4-10","0.735","0.740","0.740","0.735","-0.68%"
"2020-4-9","0.740","0.745","0.745","0.740","-0.67%"
"2020-4-8","0.745","0.700","0.745","0.700","6.43%"
"2020-4-7","0.700","0.695","0.700","0.695","0.72%"
"2020-4-6","0.695","0.675","0.695","0.675","2.96%"
"2020-4-3","0.675","0.675","0.675","0.675","0.00%"
"2020-4-2","0.675","0.675","0.675","0.675","0.00%"
"2020-4-1","0.675","0.710","0.710","0.675","-4.93%"
"2020-3-31","0.710","0.685","0.710","0.685","3.65%"
"2020-3-30","0.685","0.660","0.685","0.660","3.79%"
"2020-3-27","0.660","0.690","0.690","0.660","-4.35%"
"2020-3-26","0.690","0.705","0.705","0.690","-2.13%"
"2020-3-25","0.705","0.685","0.705","0.685","2.92%"
"2020-3-24","0.685","0.650","0.685","0.650","5.38%"
"2020-3-23","0.650","0.695","0.695","0.650","-6.47%"
"2020-3-20","0.695","0.755","0.755","0.695","-7.95%"
"2020-3-19","0.755","0.740","0.755","0.740","2.03%"
"2020-3-18","0.740","0.650","0.740","0.650","9.63%"
"2020-3-17","0.675","0.670","0.675","0.670","0.75%"
"2020-3-16","0.670","0.690","0.690","0.670","-2.90%"
"2020-3-13","0.690","0.645","0.690","0.645","6.98%"
"2020-3-12","0.645","0.660","0.660","0.645","-2.27%"
"2020-3-11","0.660","0.645","0.660","0.645","2.33%"
"2020-3-10","0.645","0.640","0.645","0.640","0.78%"
"2020-3-9","0.640","0.655","0.655","0.640","-2.29%"
"2020-3-6","0.655","0.665","0.665","0.655","-1.50%"
"2020-3-5","0.665","0.660","0.665","0.660","0.76%"
"2020-3-4","0.660","0.665","0.665","0.660","-0.75%"
"2020-3-3","0.665","0.670","0.670","0.665","-0.75%"
"2020-3-2","0.670","0.735","0.735","0.670","-8.84%"
"2020-2-28","0.735","0.735","0.735","0.735","0.00%"
"2020-2-27","0.735","0.740","0.740","0.735","-0.68%"
"2020-2-26","0.740","0.745","0.745","0.740","-0.67%"
"2020-2-25","0.745","0.765","0.765","0.745","-2.61%"
"2020-2-24","0.765","0.765","0.765","0.765","0.00%"
"2020-2-21","0.765","0.765","0.765","0.765","0.00%"
"2020-2-20","0.765","0.775","0.775","0.765","-1.29%"
"2020-2-19","0.775","0.805","0.805","0.775","-3.73%"
"2020-2-18","0.805","0.820","0.820","0.805","-1.83%"
"2020-2-17","0.820","0.835","0.835","0.820","-1.80%"
"2020-2-14","0.835","0.835","0.835","0.835","0.00%"
"2020-2-13","0.835","0.825","0.835","0.825","1.21%"
"2020-2-12","0.825","0.825","0.825","0.825","0.00%"
"2020-2-11","0.825","0.825","0.825","0.825","0.00%"
"2020-2-10","0.825","0.795","0.825","0.795","3.77%"
"2020-2-7","0.795","0.795","0.795","0.795","0.00%"
"2020-2-6","0.795","0.825","0.825","0.795","-3.64%"
"2020-2-5","0.825","0.825","0.825","0.825","0.00%"
"2020-2-4","0.825","0.820","0.825","0.820","0.61%"
"2020-2-3","0.820","0.835","0.835","0.820","-1.80%"
"2020-1-31","0.835","0.845","0.845","0.835","-1.18%"
"2020-1-30","0.845","0.880","0.880","0.845","-3.98%"
"2020-1-29","0.880","0.880","0.880","0.880","0.00%"
"2020-1-28","0.880","0.880","0.880","0.880","0.00%"
"2020-1-27","0.880","0.880","0.880","0.880","0.00%"
"2020-1-24","0.880","0.880","0.880","0.880","0.00%"
"2020-1-23","0.880","0.880","0.880","0.880","0.00%"
"2020-1-22","0.880","0.880","0.880","0.880","0.00%"
"2020-1-21","0.880","0.880","0.880","0.880","0.00%"
"2020-1-20","0.880","0.895","0.895","0.880","-1.68%"
"2020-1-17","0.895","0.895","0.895","0.895","0.00%"
"2020-1-16","0.895","0.880","0.895","0.880","1.70%"
"2020-1-15","0.880","0.885","0.885","0.880","-0.56%"
"2020-1-14","0.885","0.895","0.895","0.885","-1.12%"
"2020-1-13","0.895","0.890","0.895","0.890","0.56%"
"2020-1-10","0.890","0.895","0.895","0.890","-0.56%"
"2020-1-9","0.895","0.915","0.915","0.895","-2.19%"
"2020-1-8","0.915","0.915","0.915","0.915","0.00%"
"2020-1-7","0.915","0.905","0.915","0.905","1.10%"
"2020-1-6","0.905","0.900","0.905","0.900","0.56%"
"2020-1-3","0.900","0.900","0.900","0.900","-0.55%"
"2020-1-2","0.905","0.895","0.905","0.895","1.12%"
"2020-1-1","0.895","0.895","0.895","0.895","0.00%"
"2019-12-31","0.895","0.900","0.900","0.895","-0.56%"
"2019-12-30","0.900","0.925","0.925","0.900","-2.70%"
"2019-12-27","0.925","0.905","0.925","0.905","2.21%"
"2019-12-26","0.905","0.905","0.905","0.905","0.00%"
"2019-12-25","0.905","0.915","0.915","0.905","-1.09%"
"2019-12-24","0.915","0.905","0.915","0.905","1.10%"
"2019-12-23","0.905","0.895","0.905","0.895","1.12%"
"2019-12-20","0.895","0.905","0.905","0.895","-1.10%"
"2019-12-19","0.905","0.920","0.920","0.905","-1.63%"
"2019-12-18","0.920","0.915","0.920","0.915","0.55%"
"2019-12-17","0.915","0.920","0.920","0.915","-0.54%"
"2019-12-16","0.920","0.915","0.920","0.915","0.55%"
"2019-12-13","0.915","0.900","0.915","0.900","1.67%"
"2019-12-12","0.900","0.915","0.915","0.900","-1.64%"
"2019-12-11","0.915","0.885","0.915","0.885","3.39%"
"2019-12-10","0.885","0.895","0.895","0.885","-1.12%"
"2019-12-9","0.895","0.920","0.920","0.895","-2.72%"
"2019-12-6","0.920","0.915","0.920","0.915","0.55%"
"2019-12-5","0.915","0.900","0.915","0.900","1.67%"
"2019-12-4","0.900","0.905","0.905","0.900","-0.55%"
"2019-12-3","0.905","0.920","0.920","0.905","-1.63%"
"2019-12-2","0.920","0.905","0.920","0.905","1.66%"
"2019-11-29","0.905","0.900","0.905","0.900","0.56%"
"2019-11-28","0.900","0.915","0.915","0.900","-1.64%"
"2019-11-27","0.915","0.925","0.925","0.915","-1.08%"
"2019-11-26","0.925","0.945","0.945","0.925","-2.12%"
"2019-11-25","0.945","0.945","0.945","0.945","0.00%"
"2019-11-22","0.945","0.940","0.945","0.940","0.53%"
"2019-11-21","0.940","0.930","0.940","0.930","1.08%"
"2019-11-20","0.930","0.950","0.950","0.930","-2.11%"
"2019-11-19","0.950","0.970","0.970","0.950","-2.06%"
"2019-11-18","0.970","0.995","0.995","0.970","-2.51%"
"2019-11-15","0.995","0.985","0.995","0.985","1.02%"
"2019-11-14","0.985","0.985","0.985","0.985","0.00%"
"2019-11-13","0.985","0.975","0.985","0.975","1.03%"
"2019-11-12","0.975","0.995","0.995","0.975","-2.01%"
"2019-11-11","0.995","0.990","0.995","0.990","0.51%"
"2019-11-8","0.990","0.990","0.990","0.990","4.21%"
"2019-10-31","0.950","0.950","0.950","0.950","0.00%"
"2019-10-30","0.950","0.950","0.950","0.950","0.00%"
"2019-10-29","0.950","0.950","0.950","0.950","0.00%"
"2019-10-28","0.950","0.950","0.950","0.950","0.00%"
"2019-10-25","0.950","0.950","0.950","0.950","0.00%"
"2019-10-24","0.950","0.950","0.950","0.950","0.00%"
"2019-10-23","0.950","0.950","0.950","0.950","0.00%"
"2019-10-22","0.950","0.950","0.950","0.950","-3.06%"
"2019-10-17","0.980","0.980","0.980","0.980","-1.01%"
"2019-10-16","0.990","1.040","1.040","0.990","-4.81%"
"2019-10-15","1.040","1.060","1.060","1.040","-1.89%"
"2019-10-14","1.060","1.060","1.060","1.060","0.00%"
"2019-10-9","1.060","1.060","1.060","1.060","0.00%"
"2019-10-8","1.060","1.060","1.060","1.060","0.00%"
"2019-10-7","1.060","1.060","1.060","1.060","-1.85%"
"2019-10-4","1.080","1.080","1.080","1.080","0.00%"
"2019-10-3","1.080","1.080","1.080","1.080","0.00%"
"2019-10-2","1.080","1.080","1.080","1.080","0.00%"
"2019-10-1","1.080","1.080","1.080","1.080","0.00%"
"2019-9-27","1.080","1.080","1.080","1.080","0.00%"
"2019-9-26","1.080","1.080","1.080","1.080","3.85%"
"2019-9-25","1.040","1.040","1.040","1.040","-0.95%"
"2019-9-24","1.050","1.040","1.050","1.040","0.96%"
"2019-9-23","1.040","1.040","1.040","1.040","0.00%"
"2019-9-20","1.040","1.040","1.040","1.040","0.00%"
"2019-9-19","1.040","1.040","1.040","1.040","0.00%"
"2019-9-18","1.040","1.040","1.040","1.040","0.00%"
"2019-9-17","1.040","1.040","1.040","1.040","-0.95%"
"2019-9-16","1.050","1.050","1.050","1.050","0.96%"
"2019-9-12","1.040","1.040","1.040","1.040","-0.95%"
"2019-9-11","1.050","1.040","1.050","1.040","0.96%"
"2019-9-10","1.040","1.040","1.040","1.040","1.96%"
"2019-9-9","1.020","1.020","1.020","1.020","-2.86%"
"2019-9-6","1.050","1.050","1.050","1.050","0.00%"
"2019-9-5","1.050","1.050","1.050","1.050","2.94%"
"2019-9-4","1.020","1.020","1.020","1.020","0.00%"
"2019-9-3","1.020","1.020","1.020","1.020","6.25%"
"2019-8-30","0.960","0.960","0.960","0.960","0.00%"
"2019-8-29","0.960","0.960","0.960","0.960","0.00%"
"2019-8-28","0.960","0.960","0.960","0.960","0.00%"
"2019-8-27","0.960","0.960","0.960","0.960","-17.24%"
"2019-8-26","1.160","1.160","1.160","1.160","20.83%"
"2019-8-23","0.960","0.960","0.960","0.960","0.00%"
"2019-8-22","0.960","0.960","0.960","0.960","0.00%"
"2019-8-21","0.960","0.960","0.960","0.960","0.00%"
"2019-8-20","0.960","0.960","0.960","0.960","0.00%"
"2019-8-19","0.960","0.960","0.960","0.960","0.00%"
"2019-8-16","0.960","0.960","0.960","0.960","0.00%"
"2019-8-15","0.960","0.960","0.960","0.960","0.00%"
"2019-8-14","0.960","0.960","0.960","0.960","0.00%"
"2019-8-13","0.960","0.960","0.960","0.960","0.00%"
"2019-8-12","0.960","0.960","0.960","0.960","0.00%"
"2019-8-8","0.960","0.980","0.980","0.960","-2.04%"
"2019-8-7","0.980","0.980","0.980","0.980","0.00%"
"2019-8-6","0.980","0.980","0.980","0.980","0.00%"
"2019-8-5","0.980","0.980","0.980","0.980","0.00%"
"2019-8-2","0.980","0.980","0.980","0.980","0.00%"
"2019-8-1","0.980","0.980","0.980","0.980","0.00%"
"2019-7-31","0.980","0.980","0.980","0.980","0.00%"
"2019-7-30","0.980","0.980","0.980","0.980","0.00%"
"2019-7-29","0.980","0.980","0.980","0.980","0.00%"
"2019-7-26","0.980","0.970","0.980","0.970","1.03%"
"2019-7-25","0.970","0.970","0.970","0.970","0.00%"
"2019-7-24","0.970","0.950","0.970","0.950","2.11%"
"2019-7-23","0.950","0.950","0.950","0.950","0.00%"
"2019-7-22","0.950","0.950","0.950","0.950","0.00%"
"2019-7-19","0.950","0.950","0.950","0.950","0.00%"
"2019-7-18","0.950","0.950","0.950","0.950","0.00%"
"2019-7-17","0.950","0.950","0.950","0.950","0.00%"
"2019-7-16","0.950","0.950","0.950","0.950","0.00%"
"2019-7-15","0.950","0.970","0.970","0.950","-2.06%"
"2019-7-12","0.970","0.950","0.970","0.950","2.11%"
"2019-7-11","0.950","1.000","1.000","0.950","-5.00%"
"2019-7-10","1.000","1.000","1.000","1.000","0.00%"
"2019-7-9","1.000","1.000","1.000","1.000","0.00%"
"2019-7-8","1.000","1.000","1.000","1.000","0.00%"
"2019-7-5","1.000","1.000","1.000","1.000","0.00%"
"2019-7-4","1.000","1.100","1.100","1.000","-9.09%"
"2019-7-3","1.100","1.100","1.100","1.100","0.00%"
"2019-7-2","1.100","1.130","1.130","1.100","-2.65%"
"2019-7-1","1.130","1.130","1.130","1.130","-3.42%"
"2019-6-28","1.170","1.170","1.170","1.170","3.54%"
"2019-6-27","1.130","1.130","1.130","1.130","0.00%"
"2019-6-26","1.130","1.130","1.130","1.130","0.00%"
"2019-6-25","1.130","1.130","1.130","1.130","0.00%"
"2019-6-24","1.130","1.130","1.130","1.130","0.00%"
"2019-6-21","1.130","1.130","1.130","1.130","0.00%"
"2019-6-20","1.130","1.130","1.130","1.130","0.00%"
"2019-6-19","1.130","1.130","1.130","1.130","0.00%"
"2019-6-18","1.130","1.130","1.130","1.130","0.00%"
"2019-6-17","1.130","1.120","1.130","1.120","0.89%"
"2019-6-14","1.120","1.120","1.120","1.120","0.00%"
"2019-6-13","1.120","1.120","1.120","1.120","0.00%"
"2019-6-12","1.120","1.120","1.120","1.120","0.00%"
"2019-6-11","1.120","1.110","1.120","1.110","0.90%"
"2019-6-10","1.110","1.110","1.110","1.110","0.00%"
"2019-6-6","1.110","1.110","1.110","1.110","0.00%"
"2019-6-5","1.110","1.110","1.110","1.110","0.00%"
"2019-6-4","1.110","1.110","1.110","1.110","0.00%"
"2019-5-31","1.110","1.110","1.110","1.110","0.00%"
"2019-5-30","1.110","1.110","1.110","1.110","0.00%"
"2019-5-29","1.110","1.120","1.120","1.110","-0.89%"
"2019-5-28","1.120","1.120","1.120","1.120","0.00%"
"2019-5-27","1.120","1.110","1.120","1.110","0.90%"
"2019-5-24","1.110","1.110","1.110","1.110","0.00%"
"2019-5-23","1.110","1.110","1.110","1.110","-1.77%"
"2019-5-22","1.130","1.130","1.130","1.130","0.00%"
"2019-5-21","1.130","1.130","1.130","1.130","-1.74%"
"2019-5-20","1.150","1.150","1.150","1.150","1.77%"
"2019-5-17","1.130","1.130","1.130","1.130","-0.88%"
"2019-5-16","1.140","1.140","1.140","1.140","-0.87%"
"2019-5-15","1.150","1.150","1.150","1.150","0.00%"
"2019-5-14","1.150","1.150","1.150","1.150","-3.36%"
"2019-5-13","1.190","1.190","1.190","1.190","0.00%"
"2019-5-10","1.190","1.190","1.190","1.190","-0.83%"
"2019-5-9","1.200","1.200","1.200","1.200","0.00%"
"2019-5-8","1.200","1.200","1.200","1.200","0.00%"
"2019-5-7","1.200","1.200","1.200","1.200","0.00%"
"2019-5-6","1.200","1.200","1.200","1.200","1.69%"
"2019-5-3","1.180","1.180","1.180","1.180","0.85%"
"2019-5-2","1.170","1.170","1.170","1.170","0.00%"
"2019-4-30","1.170","1.170","1.170","1.170","0.00%"
"2019-4-29","1.170","1.170","1.170","1.170","-0.85%"
"2019-4-26","1.180","1.180","1.180","1.180","0.00%"
"2019-4-25","1.180","1.180","1.180","1.180","1.72%"
"2019-4-24","1.160","1.160","1.160","1.160","0.00%"
"2019-4-23","1.160","1.160","1.160","1.160","-1.69%"
"2019-4-22","1.180","1.180","1.180","1.180","0.00%"
"2019-4-19","1.180","1.180","1.180","1.180","0.00%"
"2019-4-18","1.180","1.180","1.180","1.180","0.00%"
"2019-4-17","1.180","1.180","1.180","1.180","0.00%"
"2019-4-16","1.180","1.180","1.180","1.180","-1.67%"
"2019-4-15","1.200","1.200","1.200","1.200","0.00%"
"2019-4-12","1.200","1.200","1.200","1.200","0.00%"
"2019-4-11","1.200","1.200","1.200","1.200","0.00%"
"2019-4-10","1.200","1.200","1.200","1.200","0.84%"
"2019-4-9","1.190","1.190","1.190","1.190","0.85%"
"2019-4-8","1.180","1.180","1.180","1.180","-1.67%"
"2019-4-3","1.200","1.200","1.200","1.200","-2.44%"
"2019-4-2","1.230","1.230","1.230","1.230","-1.60%"
"2019-4-1","1.250","1.250","1.250","1.250","0.00%"
"2019-3-29","1.250","1.250","1.250","1.250","0.00%"
"2019-3-28","1.250","1.250","1.250","1.250","-2.34%"
"2019-3-27","1.280","1.280","1.280","1.280","0.00%"
"2019-3-26","1.280","1.280","1.280","1.280","0.00%"
"2019-3-25","1.280","1.280","1.280","1.280","0.79%"
"2019-3-22","1.270","1.270","1.270","1.270","0.00%"
"2019-3-21","1.270","1.270","1.270","1.270","-2.31%"
"2019-3-20","1.300","1.300","1.300","1.300","0.78%"
"2019-3-19","1.290","1.290","1.290","1.290","0.00%"
"2019-3-18","1.290","1.290","1.290","1.290","0.00%"
"2019-3-15","1.290","1.290","1.290","1.290","0.00%"
"2019-3-14","1.290","1.290","1.290","1.290","0.00%"
"2019-3-13","1.290","1.290","1.290","1.290","0.00%"
"2019-3-12","1.290","1.290","1.290","1.290","-0.77%"
"2019-3-11","1.300","1.300","1.300","1.300","0.00%"
"2019-3-8","1.300","1.300","1.300","1.300","0.78%"
"2019-3-7","1.290","1.290","1.290","1.290","0.00%"
"2019-3-6","1.290","1.290","1.290","1.290","0.00%"
"2019-3-5","1.290","1.290","1.290","1.290","0.00%"
"2019-3-4","1.290","1.290","1.290","1.290","0.00%"
"2019-2-27","1.290","1.290","1.290","1.290","-0.77%"
"2019-2-26","1.300","1.300","1.300","1.300","0.00%"
"2019-2-25","1.300","1.300","1.300","1.300","0.00%"
"2019-2-22","1.300","1.300","1.300","1.300","0.00%"
"2019-2-21","1.300","1.300","1.300","1.300","0.00%"
"2019-2-20","1.300","1.300","1.300","1.300","0.00%"
"2019-2-19","1.300","1.300","1.300","1.300","0.00%"
"2019-2-18","1.300","1.300","1.300","1.300","0.00%"
"2019-2-15","1.300","1.300","1.300","1.300","0.78%"
"2019-2-14","1.290","1.290","1.290","1.290","0.00%"
"2019-2-13","1.290","1.290","1.290","1.290","0.00%"
"2019-2-12","1.290","1.290","1.290","1.290","0.00%"
"2019-2-11","1.290","1.290","1.290","1.290","0.00%"
"2019-1-30","1.290","1.290","1.290","1.290","-0.77%"
"2019-1-29","1.300","1.300","1.300","1.300","0.78%"
"2019-1-28","1.290","1.290","1.290","1.290","0.00%"
"2019-1-25","1.290","1.290","1.290","1.290","-0.77%"
"2019-1-24","1.300","1.300","1.300","1.300","0.00%"
"2019-1-23","1.300","1.300","1.300","1.300","-2.99%"
"2019-1-22","1.340","1.340","1.340","1.340","0.00%"
"2019-1-21","1.340","1.340","1.340","1.340","-0.74%"
"2019-1-18","1.350","1.350","1.350","1.350","0.00%"
"2019-1-17","1.350","1.350","1.350","1.350","0.00%"
"2019-1-16","1.350","1.350","1.350","1.350","0.00%"
"2019-1-15","1.350","1.350","1.350","1.350","0.00%"
"2019-1-14","1.350","1.350","1.350","1.350","0.75%"
"2019-1-11","1.340","1.340","1.340","1.340","0.00%"
"2019-1-10","1.340","1.340","1.340","1.340","0.00%"
"2019-1-9","1.340","1.340","1.340","1.340","0.00%"
"2019-1-8","1.340","1.340","1.340","1.340","0.75%"
"2019-1-7","1.330","1.330","1.330","1.330","2.31%"
"2019-1-4","1.300","1.300","1.300","1.300","0.00%"
"2019-1-3","1.300","1.300","1.300","1.300","0.00%"
"2019-1-2","1.300","1.300","1.300","1.300","0.00%"