指數,收盤指數,漲跌(+/-),漲跌點數,漲跌百分比,特殊處理註記,日期
發行量加權股價指數,"9,554.14",-,173.27,-0.0178,,2019-01-02
發行量加權股價指數,"9,492.42",-,61.72,-0.006500000000000001,,2019-01-03
發行量加權股價指數,"9,382.51",-,109.91,-0.0116,,2019-01-04
發行量加權股價指數,"9,590.30",+,207.79,0.0221,,2019-01-07
發行量加權股價指數,"9,563.60",-,26.7,-0.0028000000000000004,,2019-01-08
發行量加權股價指數,"9,738.31",+,174.71,0.0183,,2019-01-09
發行量加權股價指數,"9,720.69",-,17.62,-0.0018,,2019-01-10
發行量加權股價指數,"9,759.40",+,38.71,0.004,,2019-01-11
發行量加權股價指數,"9,708.22",-,51.18,-0.005200000000000001,,2019-01-14
發行量加權股價指數,"9,806.04",+,97.82,0.0101,,2019-01-15
發行量加權股價指數,"9,763.81",-,42.23,-0.0043,,2019-01-16
發行量加權股價指數,"9,789.15",+,25.34,0.0026000000000000003,,2019-01-17
發行量加權股價指數,"9,836.06",+,46.91,0.0048,,2019-01-18
發行量加權股價指數,"9,889.40",+,53.34,0.0054,,2019-01-21
發行量加權股價指數,"9,894.66",+,5.26,0.0005,,2019-01-22
發行量加權股價指數,"9,846.40",-,48.26,-0.0049,,2019-01-23
發行量加權股價指數,"9,877.12",+,30.72,0.0031,,2019-01-24
發行量加權股價指數,"9,969.61",+,92.49,0.0094,,2019-01-25
發行量加權股價指數,"10,013.33",+,43.72,0.0044,,2019-01-28
發行量加權股價指數,"9,931.59",-,81.74,-0.008199999999999999,,2019-01-29
發行量加權股價指數,"9,932.26",+,0.67,0.0001,,2019-01-30
發行量加權股價指數,"10,004.25",+,71.99,0.0072,,2019-02-11
發行量加權股價指數,"10,097.74",+,93.49,0.009300000000000001,,2019-02-12
發行量加權股價指數,"10,090.58",-,7.16,-0.0007000000000000001,,2019-02-13
發行量加權股價指數,"10,089.01",-,1.57,-0.0002,,2019-02-14
發行量加權股價指數,"10,064.78",-,24.23,-0.0024,,2019-02-15
發行量加權股價指數,"10,145.28",+,80.5,0.008,,2019-02-18
發行量加權股價指數,"10,152.26",+,6.98,0.0007000000000000001,,2019-02-19
發行量加權股價指數,"10,272.46",+,120.2,0.0118,,2019-02-20
發行量加權股價指數,"10,319.53",+,47.07,0.0046,,2019-02-21
發行量加權股價指數,"10,322.92",+,3.39,0.0003,,2019-02-22
發行量加權股價指數,"10,390.93",+,68.01,0.006600000000000001,,2019-02-25
發行量加權股價指數,"10,391.55",+,0.62,0.0001,,2019-02-26
發行量加權股價指數,"10,389.17",-,2.38,-0.0002,,2019-02-27
發行量加權股價指數,"10,349.88",-,39.29,-0.0038,,2019-03-04
發行量加權股價指數,"10,305.26",-,44.62,-0.0043,,2019-03-05
發行量加權股價指數,"10,357.15",+,51.89,0.005,,2019-03-06
發行量加權股價指數,"10,311.68",-,45.47,-0.0044,,2019-03-07
發行量加權股價指數,"10,241.75",-,69.93,-0.0068000000000000005,,2019-03-08
發行量加權股價指數,"10,250.28",+,8.53,0.0008,,2019-03-11
發行量加權股價指數,"10,343.33",+,93.05,0.0091,,2019-03-12
發行量加權股價指數,"10,373.32",+,29.99,0.0029,,2019-03-13
發行量加權股價指數,"10,348.65",-,24.67,-0.0024,,2019-03-14
發行量加權股價指數,"10,439.24",+,90.59,0.0088,,2019-03-15
發行量加權股價指數,"10,512.70",+,73.46,0.006999999999999999,,2019-03-18
發行量加權股價指數,"10,512.32",-,0.38,0.0,,2019-03-19
發行量加權股價指數,"10,551.56",+,39.24,0.0037,,2019-03-20
發行量加權股價指數,"10,609.55",+,57.99,0.0055000000000000005,,2019-03-21
發行量加權股價指數,"10,639.07",+,29.52,0.0028000000000000004,,2019-03-22
發行量加權股價指數,"10,479.48",-,159.59,-0.015,,2019-03-25
發行量加權股價指數,"10,559.20",+,79.72,0.0076,,2019-03-26
發行量加權股價指數,"10,542.70",-,16.5,-0.0016,,2019-03-27
發行量加權股價指數,"10,536.26",-,6.44,-0.0006,,2019-03-28
發行量加權股價指數,"10,641.04",+,104.78,0.0099,,2019-03-29
發行量加權股價指數,"10,642.63",+,1.59,0.0001,,2019-04-01
發行量加權股價指數,"10,690.30",+,47.67,0.0045000000000000005,,2019-04-02
發行量加權股價指數,"10,704.38",+,14.08,0.0013000000000000002,,2019-04-03
發行量加權股價指數,"10,800.57",+,96.19,0.009000000000000001,,2019-04-08
發行量加權股價指數,"10,851.60",+,51.03,0.0047,,2019-04-09
發行量加權股價指數,"10,868.14",+,16.54,0.0015,,2019-04-10
發行量加權股價指數,"10,808.77",-,59.37,-0.0055000000000000005,,2019-04-11
發行量加權股價指數,"10,805.30",-,3.47,-0.0003,,2019-04-12
發行量加權股價指數,"10,875.60",+,70.3,0.006500000000000001,,2019-04-15
發行量加權股價指數,"10,927.85",+,52.25,0.0048,,2019-04-16
發行量加權股價指數,"10,997.26",+,69.41,0.0064,,2019-04-17
發行量加權股價指數,"10,962.02",-,35.24,-0.0032,,2019-04-18
發行量加權股價指數,"10,968.50",+,6.48,0.0006,,2019-04-19
發行量加權股價指數,"10,987.71",+,19.21,0.0018,,2019-04-22
發行量加權股價指數,"11,025.68",+,37.97,0.0034999999999999996,,2019-04-23
發行量加權股價指數,"11,027.64",+,1.96,0.0002,,2019-04-24
發行量加權股價指數,"11,039.86",+,12.22,0.0011,,2019-04-25
發行量加權股價指數,"10,952.47",-,87.39,-0.0079,,2019-04-26
加權股價指數,"10,939.06",-,13.41,-0.0012,,2019-04-29
發行量加權股價指數,"10,967.73",+,28.67,0.0026000000000000003,,2019-04-30
發行量加權股價指數,"11,004.49",+,36.76,0.0034000000000000002,,2019-05-02
發行量加權股價指數,"11,096.30",+,91.81,0.0083,,2019-05-03
發行量加權股價指數,"10,897.12",-,199.18,-0.018000000000000002,,2019-05-06
發行量加權股價指數,"10,987.14",+,90.02,0.0083,,2019-05-07
發行量加權股價指數,"10,923.71",-,63.43,-0.0058,,2019-05-08
發行量加權股價指數,"10,733.67",-,190.04,-0.0174,,2019-05-09
發行量加權股價指數,"10,712.99",-,20.68,-0.0019,,2019-05-10
發行量加權股價指數,"10,558.29",-,154.7,-0.0144,,2019-05-13
發行量加權股價指數,"10,519.25",-,39.04,-0.0037,,2019-05-14
發行量加權股價指數,"10,560.71",+,41.46,0.0039000000000000003,,2019-05-15
發行量加權股價指數,"10,474.61",-,86.1,-0.008199999999999999,,2019-05-16
發行量加權股價指數,"10,384.11",-,90.5,-0.0086,,2019-05-17
發行量加權股價指數,"10,398.41",+,14.3,0.0014000000000000002,,2019-05-20
發行量加權股價指數,"10,464.50",+,66.09,0.0064,,2019-05-21
發行量加權股價指數,"10,457.22",-,7.28,-0.0007000000000000001,,2019-05-22
發行量加權股價指數,"10,308.37",-,148.85,-0.014199999999999999,,2019-05-23
發行量加權股價指數,"10,328.28",+,19.91,0.0019,,2019-05-24
發行量加權股價指數,"10,334.13",+,5.85,0.0006,,2019-05-27
發行量加權股價指數,"10,312.31",-,21.82,-0.0021,,2019-05-28
發行量加權股價指數,"10,301.78",-,10.53,-0.001,,2019-05-29
發行量加權股價指數,"10,382.99",+,81.21,0.0079,,2019-05-30
發行量加權股價指數,"10,498.49",+,115.5,0.0111,,2019-05-31
發行量加權股價指數,"10,429.12",-,70.95,-0.0068000000000000005,,2019-06-04
發行量加權股價指數,"10,461.62",+,32.5,0.0031,,2019-06-05
發行量加權股價指數,"10,409.20",-,52.42,-0.005,,2019-06-06
發行量加權股價指數,"10,566.47",+,157.27,0.0151,,2019-06-10
發行量加權股價指數,"10,607.76",+,41.29,0.0039000000000000003,,2019-06-11
發行量加權股價指數,"10,615.66",+,7.9,0.0007000000000000001,,2019-06-12
發行量加權股價指數,"10,561.01",-,54.65,-0.0051,,2019-06-13
發行量加權股價指數,"10,524.67",-,36.34,-0.0034000000000000002,,2019-06-14
發行量加權股價指數,"10,530.54",+,5.87,0.0006,,2019-06-17
發行量加權股價指數,"10,566.74",+,36.2,0.0034000000000000002,,2019-06-18
發行量加權股價指數,"10,775.34",+,208.6,0.0197,,2019-06-19
發行量加權股價指數,"10,785.01",+,9.67,0.0009,,2019-06-20
發行量加權股價指數,"10,803.77",+,18.76,0.0017000000000000001,,2019-06-21
發行量加權股價指數,"10,779.45",-,24.32,-0.0023,,2019-06-24
發行量加權股價指數,"10,706.72",-,72.73,-0.0067,,2019-06-25
發行量加權股價指數,"10,652.55",-,54.17,-0.0051,,2019-06-26
發行量加權股價指數,"10,773.90",+,121.35,0.011399999999999999,,2019-06-27
發行量加權股價指數,"10,730.83",-,43.07,-0.004,,2019-06-28
發行量加權股價指數,"10,895.46",+,164.63,0.015300000000000001,,2019-07-01
發行量加權股價指數,"10,865.12",-,30.34,-0.0028000000000000004,,2019-07-02
發行量加權股價指數,"10,743.77",-,121.35,-0.011200000000000002,,2019-07-03
發行量加權股價指數,"10,775.90",+,32.13,0.003,,2019-07-04
發行量加權股價指數,"10,785.73",+,9.83,0.0009,,2019-07-05
發行量加權股價指數,"10,751.22",-,34.51,-0.0032,,2019-07-08
發行量加權股價指數,"10,702.78",-,48.44,-0.0045000000000000005,,2019-07-09
發行量加權股價指數,"10,798.48",+,95.7,0.0089,,2019-07-10
發行量加權股價指數,"10,843.42",+,44.94,0.0042,,2019-07-11
發行量加權股價指數,"10,824.35",-,19.07,-0.0018,,2019-07-12
發行量加權股價指數,"10,876.43",+,52.08,0.0048,,2019-07-15
發行量加權股價指數,"10,886.05",+,9.62,0.0009,,2019-07-16
發行量加權股價指數,"10,828.48",-,57.57,-0.0053,,2019-07-17
發行量加權股價指數,"10,799.28",-,29.2,-0.0027,,2019-07-18
發行量加權股價指數,"10,873.19",+,73.91,0.0068000000000000005,,2019-07-19
發行量加權股價指數,"10,944.53",+,71.34,0.006600000000000001,,2019-07-22
發行量加權股價指數,"10,947.26",+,2.73,0.0002,,2019-07-23
發行量加權股價指數,"10,935.76",-,11.5,-0.0011,,2019-07-24
發行量加權股價指數,"10,941.41",+,5.65,0.0005,,2019-07-25
發行量加權股價指數,"10,891.98",-,49.43,-0.0045000000000000005,,2019-07-26
發行量加權股價指數,"10,885.73",-,6.25,-0.0006,,2019-07-29
發行量加權股價指數,"10,830.90",-,54.83,-0.005,,2019-07-30
發行量加權股價指數,"10,823.81",-,7.09,-0.0007000000000000001,,2019-07-31
發行量加權股價指數,"10,731.75",-,92.06,-0.0085,,2019-08-01
發行量加權股價指數,"10,549.04",-,182.71,-0.017,,2019-08-02
發行量加權股價指數,"10,423.41",-,125.63,-0.011899999999999999,,2019-08-05
發行量加權股價指數,"10,394.75",-,28.66,-0.0027,,2019-08-06
發行量加權股價指數,"10,386.18",-,8.57,-0.0008,,2019-08-07
發行量加權股價指數,"10,494.49",+,108.31,0.010400000000000001,,2019-08-08
發行量加權股價指數,"10,472.36",-,22.13,-0.0021,,2019-08-12
發行量加權股價指數,"10,362.66",-,109.7,-0.0105,,2019-08-13
發行量加權股價指數,"10,427.73",+,65.07,0.0063,,2019-08-14
發行量加權股價指數,"10,327.13",-,100.6,-0.0096,,2019-08-15
發行量加權股價指數,"10,420.89",+,93.76,0.0091,,2019-08-16
發行量加權股價指數,"10,488.75",+,67.86,0.006500000000000001,,2019-08-19
發行量加權股價指數,"10,522.50",+,33.75,0.0032,,2019-08-20
發行量加權股價指數,"10,525.80",+,3.3,0.0003,,2019-08-21
發行量加權股價指數,"10,529.78",+,3.98,0.0004,,2019-08-22
發行量加權股價指數,"10,538.11",+,8.33,0.0008,,2019-08-23
發行量加權股價指數,"10,354.57",-,183.54,-0.0174,,2019-08-26
發行量加權股價指數,"10,387.23",+,32.66,0.0032,,2019-08-27
發行量加權股價指數,"10,434.29",+,47.06,0.0045000000000000005,,2019-08-28
發行量加權股價指數,"10,462.43",+,28.14,0.0027,,2019-08-29
發行量加權股價指數,"10,618.05",+,155.62,0.0149,,2019-08-30
發行量加權股價指數,"10,558.21",-,76.64,-0.0072,,2019-09-03
發行量加權股價指數,"10,657.31",+,99.1,0.0094,,2019-09-04
發行量加權股價指數,"10,756.93",+,99.62,0.009300000000000001,,2019-09-05
發行量加權股價指數,"10,780.64",+,23.71,0.0022,,2019-09-06
發行量加權股價指數,"10,753.58",-,47.56,-0.0044,,2019-09-10
發行量加權股價指數,"10,790.35",+,36.77,0.0034000000000000002,,2019-09-11
發行量加權股價指數,"10,827.55",+,37.2,0.0034000000000000002,,2019-09-12
發行量加權股價指數,"10,898.13",+,70.58,0.006500000000000001,,2019-09-16
發行量加權股價指數,"10,874.50",-,23.63,-0.0022,,2019-09-17
發行量加權股價指數,"10,929.45",+,54.95,0.0051,,2019-09-18
發行量加權股價指數,"10,894.70",-,34.75,-0.0032,,2019-09-19
發行量加權股價指數,"10,929.69",+,34.99,0.0032,,2019-09-20
發行量加權股價指數,"10,919.02",-,10.67,-0.001,,2019-09-23
發行量加權股價指數,"10,918.01",-,1.01,-0.0001,,2019-09-24
發行量加權股價指數,"10,873.69",-,44.32,-0.0040999999999999995,,2019-09-25
發行量加權股價指數,"10,871.99",-,1.7,-0.0002,,2019-09-26
發行量加權股價指數,"10,829.68",-,42.31,-0.0039000000000000003,,2019-09-27
發行量加權股價指數,"10,967.65",+,137.97,0.012700000000000001,,2019-10-01
發行量加權股價指數,"10,947.88",-,19.77,-0.0018,,2019-10-02
發行量加權股價指數,"10,875.91",-,71.97,-0.006600000000000001,,2019-10-03
發行量加權股價指數,"10,894.48",+,18.57,0.0017000000000000001,,2019-10-04
發行量加權股價指數,"10,935.06",+,40.58,0.0037,,2019-10-07
發行量加權股價指數,"11,017.31",+,82.25,0.0075,,2019-10-08
發行量加權股價指數,"10,889.96",-,127.35,-0.0116,,2019-10-09
發行量加權股價指數,"11,066.95",+,176.99,0.0163,,2019-10-14
發行量加權股價指數,"11,111.80",+,44.85,0.0040999999999999995,,2019-10-15
發行量加權股價指數,"11,162.83",+,51.03,0.0046,,2019-10-16
發行量加權股價指數,"11,186.88",+,24.05,0.0022,,2019-10-17
發行量加權股價指數,"11,271.25",+,87.1,0.0078000000000000005,,2019-10-22
發行量加權股價指數,"11,239.67",-,31.58,-0.0028000000000000004,,2019-10-23
發行量加權股價指數,"11,320.14",+,80.47,0.0072,,2019-10-24
發行量加權股價指數,"11,296.12",-,24.02,-0.0021,,2019-10-25
發行量加權股價指數,"11,315.02",+,18.9,0.0017000000000000001,,2019-10-28
發行量加權股價指數,"11,333.87",+,18.85,0.0017000000000000001,,2019-10-29
發行量加權股價指數,"11,380.28",+,46.41,0.0040999999999999995,,2019-10-30
發行量加權股價指數,"11,358.71",-,21.57,-0.0019,,2019-10-31
發行量加權股價指數,"11,579.54",-,27.02,-0.0023,,2019-11-08
發行量加權股價指數,"11,427.28",-,152.26,-0.0131,,2019-11-11
發行量加權股價指數,"11,520.37",+,93.09,0.008100000000000001,,2019-11-12
發行量加權股價指數,"11,467.83",-,52.54,-0.0046,,2019-11-13
發行量加權股價指數,"11,450.42",-,17.41,-0.0015,,2019-11-14
發行量加權股價指數,"11,525.60",+,75.18,0.006600000000000001,,2019-11-15
發行量加權股價指數,"11,599.78",+,74.18,0.0064,,2019-11-18
發行量加權股價指數,"11,656.40",+,56.62,0.0049,,2019-11-19
發行量加權股價指數,"11,631.20",-,25.2,-0.0022,,2019-11-20
發行量加權股價指數,"11,558.27",-,72.93,-0.0063,,2019-11-21
發行量加權股價指數,"11,566.80",+,8.53,0.0007000000000000001,,2019-11-22
發行量加權股價指數,"11,561.58",-,5.22,-0.0005,,2019-11-25
發行量加權股價指數,"11,576.82",+,15.24,0.0013000000000000002,,2019-11-26
發行量加權股價指數,"11,647.46",+,70.64,0.0061,,2019-11-27
發行量加權股價指數,"11,617.08",-,30.38,-0.0026000000000000003,,2019-11-28
發行量加權股價指數,"11,489.57",-,127.51,-0.011000000000000001,,2019-11-29
發行量加權股價指數,"11,502.83",+,13.26,0.0012,,2019-12-02
發行量加權股價指數,"11,531.58",+,28.75,0.0025,,2019-12-03
發行量加權股價指數,"11,510.47",-,21.11,-0.0018,,2019-12-04
發行量加權股價指數,"11,594.65",+,84.18,0.0073,,2019-12-05
發行量加權股價指數,"11,609.64",+,14.99,0.0013000000000000002,,2019-12-06
發行量加權股價指數,"11,660.77",+,51.13,0.0044,,2019-12-09
發行量加權股價指數,"11,627.84",-,32.93,-0.0028000000000000004,,2019-12-10
發行量加權股價指數,"11,700.77",+,72.93,0.0063,,2019-12-11
發行量加權股價指數,"11,836.42",+,135.65,0.0116,,2019-12-12
發行量加權股價指數,"11,927.73",+,91.31,0.0077,,2019-12-13
發行量加權股價指數,"11,939.77",+,12.04,0.001,,2019-12-16
發行量加權股價指數,"12,097.01",+,157.24,0.013200000000000002,,2019-12-17
發行量加權股價指數,"12,122.45",+,25.44,0.0021,,2019-12-18
發行量加權股價指數,"12,018.90",-,103.55,-0.0085,,2019-12-19
發行量加權股價指數,"11,959.08",-,59.82,-0.005,,2019-12-20
發行量加權股價指數,"12,022.23",+,63.15,0.0053,,2019-12-23
發行量加權股價指數,"11,976.38",-,45.85,-0.0038,,2019-12-24
發行量加權股價指數,"12,008.13",+,31.75,0.0027,,2019-12-25
發行量加權股價指數,"12,001.01",-,7.12,-0.0006,,2019-12-26
發行量加權股價指數,"12,091.59",+,90.58,0.0075,,2019-12-27
發行量加權股價指數,"12,053.37",-,38.22,-0.0032,,2019-12-30
發行量加權股價指數,"11,997.14",-,56.23,-0.0047,,2019-12-31
發行量加權股價指數,"12,100.48",+,103.34,0.0086,,2020-01-02
發行量加權股價指數,"12,110.43",+,9.95,0.0008,,2020-01-03
發行量加權股價指數,"11,953.36",-,157.07,-0.013000000000000001,,2020-01-06
發行量加權股價指數,"11,880.32",-,73.04,-0.0061,,2020-01-07
發行量加權股價指數,"11,817.10",-,63.22,-0.0053,,2020-01-08
發行量加權股價指數,"11,970.63",+,153.53,0.013000000000000001,,2020-01-09
發行量加權股價指數,"12,024.65",+,54.02,0.0045000000000000005,,2020-01-10
發行量加權股價指數,"12,113.42",+,88.77,0.0074,,2020-01-13
發行量加權股價指數,"12,179.81",+,66.39,0.0055000000000000005,,2020-01-14
發行量加權股價指數,"12,091.88",-,87.93,-0.0072,,2020-01-15
發行量加權股價指數,"12,066.93",-,24.95,-0.0021,,2020-01-16
發行量加權股價指數,"12,090.29",+,23.36,0.0019,,2020-01-17
發行量加權股價指數,"12,118.71",+,28.42,0.0024,,2020-01-20
發行量加權股價指數,"11,421.74",-,696.97,-0.0575,,2020-01-30
發行量加權股價指數,"11,495.10",+,73.36,0.0064,,2020-01-31
發行量加權股價指數,"11,354.92",-,140.18,-0.0122,,2020-02-03
發行量加權股價指數,"11,555.92",+,201.0,0.0177,,2020-02-04
發行量加權股價指數,"11,573.62",+,17.7,0.0015,,2020-02-05
發行量加權股價指數,"11,749.68",+,176.06,0.0152,,2020-02-06
發行量加權股價指數,"11,612.81",-,136.87,-0.0116,,2020-02-07
發行量加權股價指數,"11,574.07",-,38.74,-0.0033000000000000004,,2020-02-10
發行量加權股價指數,"11,664.04",+,89.97,0.0078000000000000005,,2020-02-11
發行量加權股價指數,"11,774.19",+,110.15,0.0094,,2020-02-12
發行量加權股價指數,"11,791.78",+,17.59,0.0015,,2020-02-13
發行量加權股價指數,"11,815.70",+,23.92,0.002,,2020-02-14
發行量加權股價指數,"11,763.51",-,52.19,-0.0044,,2020-02-17
發行量加權股價指數,"11,648.98",-,114.53,-0.0097,,2020-02-18
發行量加權股價指數,"11,758.84",+,109.86,0.0094,,2020-02-19
發行量加權股價指數,"11,725.09",-,33.75,-0.0029,,2020-02-20
發行量加權股價指數,"11,686.35",-,38.74,-0.0033000000000000004,,2020-02-21
發行量加權股價指數,"11,534.87",-,151.48,-0.013000000000000001,,2020-02-24
發行量加權股價指數,"11,540.23",+,5.36,0.0005,,2020-02-25
發行量加權股價指數,"11,433.62",-,106.61,-0.0092,,2020-02-26
發行量加權股價指數,"11,292.17",-,141.45,-0.0124,,2020-02-27
發行量加權股價指數,"11,170.46",-,121.71,-0.0108,,2020-03-02
發行量加權股價指數,"11,327.72",+,157.26,0.0141,,2020-03-03
發行量加權股價指數,"11,392.35",+,64.63,0.005699999999999999,,2020-03-04
發行量加權股價指數,"11,514.82",+,122.47,0.0108,,2020-03-05
發行量加權股價指數,"11,321.81",-,193.01,-0.0168,,2020-03-06
發行量加權股價指數,"10,977.64",-,344.17,-0.0304,,2020-03-09
發行量加權股價指數,"11,003.54",+,25.9,0.0024,,2020-03-10
發行量加權股價指數,"10,893.75",-,109.79,-0.01,,2020-03-11
發行量加權股價指數,"10,422.32",-,471.43,-0.0433,,2020-03-12
發行量加權股價指數,"10,128.87",-,293.45,-0.0282,,2020-03-13
發行量加權股價指數,"9,717.77",-,411.1,-0.0406,,2020-03-16
發行量加權股價指數,"9,439.63",-,278.14,-0.0286,,2020-03-17
發行量加權股價指數,"9,218.67",-,220.96,-0.0234,,2020-03-18
發行量加權股價指數,"8,681.34",-,537.33,-0.058300000000000005,,2020-03-19
發行量加權股價指數,"9,234.09",+,552.75,0.0637,,2020-03-20
發行量加權股價指數,"8,890.03",-,344.06,-0.0373,,2020-03-23
發行量加權股價指數,"9,285.62",+,395.59,0.044500000000000005,,2020-03-24
發行量加權股價指數,"9,644.75",+,359.13,0.038700000000000005,,2020-03-25
發行量加權股價指數,"9,736.36",+,91.61,0.0095,,2020-03-26
發行量加權股價指數,"9,698.92",-,37.44,-0.0038,,2020-03-27
發行量加權股價指數,"9,629.43",-,69.49,-0.0072,,2020-03-30
發行量加權股價指數,"9,708.06",+,78.63,0.008199999999999999,,2020-03-31
發行量加權股價指數,"9,663.63",-,44.43,-0.0046,,2020-04-01
發行量加權股價指數,"9,818.74",+,155.11,0.0161,,2020-04-06
發行量加權股價指數,"9,996.39",+,177.65,0.0181,,2020-04-07
發行量加權股價指數,"10,137.47",+,141.08,0.0141,,2020-04-08
發行量加權股價指數,"10,119.43",-,18.04,-0.0018,,2020-04-09
發行量加權股價指數,"10,157.61",+,38.18,0.0038,,2020-04-10
發行量加權股價指數,"10,099.22",-,58.39,-0.005699999999999999,,2020-04-13
發行量加權股價指數,"10,332.94",+,233.72,0.023100000000000002,,2020-04-14
發行量加權股價指數,"10,447.21",+,114.27,0.0111,,2020-04-15
發行量加權股價指數,"10,375.48",-,71.73,-0.0069,,2020-04-16
發行量加權股價指數,"10,597.04",+,221.56,0.021400000000000002,,2020-04-17
發行量加權股價指數,"10,288.42",-,298.29,-0.0282,,2020-04-21
發行量加權股價指數,"10,307.74",+,19.32,0.0019,,2020-04-22
發行量加權股價指數,"10,366.51",+,58.77,0.005699999999999999,,2020-04-23
發行量加權股價指數,"10,347.36",-,19.15,-0.0018,,2020-04-24
發行量加權股價指數,"10,567.27",+,219.91,0.0213,,2020-04-27
發行量加權股價指數,"10,616.06",+,48.79,0.0046,,2020-04-28
發行量加權股價指數,"10,772.22",+,156.16,0.0147,,2020-04-29
發行量加權股價指數,"10,992.14",+,219.92,0.0204,,2020-04-30
發行量加權股價指數,"10,720.48",-,271.66,-0.024700000000000003,,2020-05-04
發行量加權股價指數,"10,774.61",+,54.13,0.005,,2020-05-05
發行量加權股價指數,"10,774.98",+,0.37,0.0,,2020-05-06
發行量加權股價指數,"10,842.92",+,67.94,0.0063,,2020-05-07
發行量加權股價指數,"10,901.42",+,58.5,0.0054,,2020-05-08
發行量加權股價指數,"11,013.26",+,111.84,0.0103,,2020-05-11
發行量加權股價指數,"10,879.47",-,133.79,-0.0121,,2020-05-12
發行量加權股價指數,"10,938.27",+,58.8,0.0054,,2020-05-13
發行量加權股價指數,"10,780.88",-,157.39,-0.0144,,2020-05-14
發行量加權股價指數,"10,814.92",+,34.04,0.0032,,2020-05-15
發行量加權股價指數,"10,740.55",-,74.37,-0.0069,,2020-05-18
發行量加權股價指數,"10,860.44",+,119.89,0.011200000000000002,,2020-05-19
發行量加權股價指數,"10,907.80",+,47.36,0.0044,,2020-05-20
發行量加權股價指數,"11,008.31",+,100.51,0.0092,,2020-05-21
發行量加權股價指數,"10,811.15",-,197.16,-0.0179,,2020-05-22
發行量加權股價指數,"10,871.18",+,60.03,0.005600000000000001,,2020-05-25
發行量加權股價指數,"10,997.21",+,126.03,0.0116,,2020-05-26
發行量加權股價指數,"11,014.66",+,17.45,0.0016,,2020-05-27
發行量加權股價指數,"10,944.19",-,70.47,-0.0064,,2020-05-28
發行量加權股價指數,"10,942.16",-,2.03,-0.0002,,2020-05-29
發行量加權股價指數,"11,079.02",+,136.86,0.0125,,2020-06-01
發行量加權股價指數,"11,127.93",+,48.91,0.0044,,2020-06-02
發行量加權股價指數,"11,320.16",+,192.23,0.0173,,2020-06-03
發行量加權股價指數,"11,393.23",+,73.07,0.006500000000000001,,2020-06-04
發行量加權股價指數,"11,479.40",+,86.17,0.0076,,2020-06-05
發行量加權股價指數,"11,610.32",+,130.92,0.011399999999999999,,2020-06-08
發行量加權股價指數,"11,637.11",+,26.79,0.0023,,2020-06-09
發行量加權股價指數,"11,720.16",+,83.05,0.0070999999999999995,,2020-06-10
發行量加權股價指數,"11,535.77",-,184.39,-0.015700000000000002,,2020-06-11
發行量加權股價指數,"11,429.94",-,105.83,-0.0092,,2020-06-12
發行量加權股價指數,"11,306.26",-,123.68,-0.0108,,2020-06-15
發行量加權股價指數,"11,511.64",+,205.38,0.0182,,2020-06-16
發行量加權股價指數,"11,534.59",+,22.95,0.002,,2020-06-17
發行量加權股價指數,"11,548.33",+,13.74,0.0012,,2020-06-18
發行量加權股價指數,"11,549.86",+,1.53,0.0001,,2020-06-19
發行量加權股價指數,"11,572.93",+,23.07,0.002,,2020-06-22
發行量加權股價指數,"11,612.36",+,39.43,0.0034000000000000002,,2020-06-23
發行量加權股價指數,"11,660.67",+,48.31,0.0042,,2020-06-24
發行量加權股價指數,"11,542.62",-,118.05,-0.0101,,2020-06-29
發行量加權股價指數,"11,621.24",+,78.62,0.0068000000000000005,,2020-06-30
發行量加權股價指數,"11,703.42",+,82.18,0.0070999999999999995,,2020-07-01
發行量加權股價指數,"11,805.14",+,101.72,0.0087,,2020-07-02
發行量加權股價指數,"11,909.16",+,104.02,0.0088,,2020-07-03
發行量加權股價指數,"12,116.70",+,207.54,0.0174,,2020-07-06
發行量加權股價指數,"12,092.97",-,23.73,-0.002,,2020-07-07
發行量加權股價指數,"12,170.19",+,77.22,0.0064,,2020-07-08
發行量加權股價指數,"12,192.69",+,22.5,0.0018,,2020-07-09
發行量加權股價指數,"12,073.68",-,119.01,-0.0098,,2020-07-10
發行量加權股價指數,"12,211.56",+,137.88,0.011399999999999999,,2020-07-13
發行量加權股價指數,"12,209.01",-,2.55,-0.0002,,2020-07-14
發行量加權股價指數,"12,202.85",-,6.16,-0.0005,,2020-07-15
發行量加權股價指數,"12,157.74",-,45.11,-0.0037,,2020-07-16
發行量加權股價指數,"12,181.56",+,23.82,0.002,,2020-07-17
發行量加權股價指數,"12,174.54",-,7.02,-0.0006,,2020-07-20
發行量加權股價指數,"12,397.55",+,223.01,0.0183,,2020-07-21
發行量加權股價指數,"12,473.27",+,75.72,0.0061,,2020-07-22
發行量加權股價指數,"12,413.04",-,60.23,-0.0048,,2020-07-23
發行量加權股價指數,"12,304.04",-,109.0,-0.0088,,2020-07-24
發行量加權股價指數,"12,588.30",+,284.26,0.023100000000000002,,2020-07-27
發行量加權股價指數,"12,586.73",-,1.57,-0.0001,,2020-07-28
發行量加權股價指數,"12,540.97",-,45.76,-0.0036,,2020-07-29
發行量加權股價指數,"12,722.92",+,181.95,0.014499999999999999,,2020-07-30
發行量加權股價指數,"12,664.80",-,58.12,-0.0046,,2020-07-31
發行量加權股價指數,"12,513.03",-,151.77,-0.012,,2020-08-03
發行量加權股價指數,"12,709.92",+,196.89,0.015700000000000002,,2020-08-04
發行量加權股價指數,"12,802.30",+,92.38,0.0073,,2020-08-05
發行量加權股價指數,"12,913.50",+,111.2,0.0087,,2020-08-06
發行量加權股價指數,"12,828.87",-,84.63,-0.006600000000000001,,2020-08-07
發行量加權股價指數,"12,894.00",+,65.13,0.0051,,2020-08-10
發行量加權股價指數,"12,780.19",-,113.81,-0.0088,,2020-08-11
發行量加權股價指數,"12,670.35",-,109.84,-0.0086,,2020-08-12
發行量加權股價指數,"12,763.13",+,92.78,0.0073,,2020-08-13
發行量加權股價指數,"12,795.46",+,32.33,0.0025,,2020-08-14
發行量加權股價指數,"12,956.11",+,160.65,0.0126,,2020-08-17
發行量加權股價指數,"12,872.14",-,83.97,-0.006500000000000001,,2020-08-18
發行量加權股價指數,"12,778.64",-,93.5,-0.0073,,2020-08-19
發行量加權股價指數,"12,362.64",-,416.0,-0.0326,,2020-08-20
發行量加權股價指數,"12,607.84",+,245.2,0.0198,,2020-08-21
發行量加權股價指數,"12,647.13",+,39.29,0.0031,,2020-08-24
發行量加權股價指數,"12,758.25",+,111.12,0.0088,,2020-08-25
發行量加權股價指數,"12,833.29",+,75.04,0.0059,,2020-08-26
發行量加權股價指數,"12,797.31",-,35.98,-0.0028000000000000004,,2020-08-27
發行量加權股價指數,"12,728.85",-,68.46,-0.0053,,2020-08-28
發行量加權股價指數,"12,591.45",-,137.4,-0.0108,,2020-08-31
發行量加權股價指數,"12,703.28",+,111.83,0.0089,,2020-09-01
發行量加權股價指數,"12,699.50",-,3.78,-0.0003,,2020-09-02
發行量加權股價指數,"12,757.97",+,58.47,0.0046,,2020-09-03
發行量加權股價指數,"12,637.95",-,120.02,-0.0094,,2020-09-04
發行量加權股價指數,"12,601.40",-,36.55,-0.0029,,2020-09-07
發行量加權股價指數,"12,663.56",+,62.16,0.0049,,2020-09-08
發行量加權股價指數,"12,608.58",-,54.98,-0.0043,,2020-09-09
發行量加權股價指數,"12,691.75",+,83.17,0.006600000000000001,,2020-09-10
發行量加權股價指數,"12,675.95",-,15.8,-0.0012,,2020-09-11
發行量加權股價指數,"12,787.82",+,111.87,0.0088,,2020-09-14
發行量加權股價指數,"12,845.65",+,57.83,0.0045000000000000005,,2020-09-15
發行量加權股價指數,"12,976.76",+,131.11,0.0102,,2020-09-16
發行量加權股價指數,"12,872.74",-,104.02,-0.008,,2020-09-17
發行量加權股價指數,"12,875.62",+,2.88,0.0002,,2020-09-18
發行量加權股價指數,"12,795.12",-,80.5,-0.0063,,2020-09-21
發行量加權股價指數,"12,645.51",-,149.61,-0.0117,,2020-09-22
發行量加權股價指數,"12,583.88",-,61.63,-0.0049,,2020-09-23
發行量加權股價指數,"12,264.38",-,319.5,-0.025400000000000002,,2020-09-24
發行量加權股價指數,"12,232.91",-,31.47,-0.0026000000000000003,,2020-09-25
發行量加權股價指數,"12,462.76",+,229.85,0.0188,,2020-09-28
發行量加權股價指數,"12,467.73",+,4.97,0.0004,,2020-09-29
發行量加權股價指數,"12,515.61",+,47.88,0.0038,,2020-09-30
發行量加權股價指數,"12,548.28",+,32.67,0.0026000000000000003,,2020-10-05
發行量加權股價指數,"12,704.23",+,155.95,0.0124,,2020-10-06
發行量加權股價指數,"12,746.37",+,42.14,0.0033000000000000004,,2020-10-07
發行量加權股價指數,"12,887.19",+,140.82,0.011000000000000001,,2020-10-08
發行量加權股價指數,"12,955.91",+,68.72,0.0053,,2020-10-12
發行量加權股價指數,"12,947.13",-,8.78,-0.0007000000000000001,,2020-10-13
發行量加權股價指數,"12,919.31",-,27.82,-0.0021,,2020-10-14
發行量加權股價指數,"12,827.82",-,91.49,-0.0070999999999999995,,2020-10-15
發行量加權股價指數,"12,750.37",-,77.45,-0.006,,2020-10-16
發行量加權股價指數,"12,908.34",+,157.97,0.0124,,2020-10-19
發行量加權股價指數,"12,862.37",-,45.97,-0.0036,,2020-10-20
發行量加權股價指數,"12,877.25",+,14.88,0.0012,,2020-10-21
發行量加權股價指數,"12,917.03",+,39.78,0.0031,,2020-10-22
發行量加權股價指數,"12,898.82",-,18.21,-0.0014000000000000002,,2020-10-23
發行量加權股價指數,"12,909.03",+,10.21,0.0008,,2020-10-26
發行量加權股價指數,"12,875.01",-,34.02,-0.0026000000000000003,,2020-10-27
發行量加權股價指數,"12,793.75",-,81.26,-0.0063,,2020-10-28
發行量加權股價指數,"12,662.91",-,130.84,-0.0102,,2020-10-29
發行量加權股價指數,"12,546.34",-,116.57,-0.0092,,2020-10-30
發行量加權股價指數,"12,591.31",+,44.97,0.0036,,2020-11-02
發行量加權股價指數,"12,736.01",+,144.7,0.0115,,2020-11-03
發行量加權股價指數,"12,867.90",+,131.89,0.010400000000000001,,2020-11-04
發行量加權股價指數,"12,918.80",+,50.9,0.004,,2020-11-05
發行量加權股價指數,"12,973.53",+,54.73,0.0042,,2020-11-06
發行量加權股價指數,"13,127.47",+,153.94,0.011899999999999999,,2020-11-09
發行量加權股價指數,"13,081.72",-,45.75,-0.0034999999999999996,,2020-11-10
發行量加權股價指數,"13,262.19",+,180.47,0.0138,,2020-11-11
發行量加權股價指數,"13,221.78",-,40.41,-0.003,,2020-11-12
發行量加權股價指數,"13,273.33",+,51.55,0.0039000000000000003,,2020-11-13
發行量加權股價指數,"13,551.83",+,278.5,0.021,,2020-11-16
發行量加權股價指數,"13,593.01",+,41.18,0.003,,2020-11-17
發行量加權股價指數,"13,773.29",+,180.28,0.013300000000000001,,2020-11-18
發行量加權股價指數,"13,722.43",-,50.86,-0.0037,,2020-11-19
發行量加權股價指數,"13,716.44",-,5.99,-0.0004,,2020-11-20
發行量加權股價指數,"13,878.01",+,161.57,0.0118,,2020-11-23
發行量加權股價指數,"13,807.13",-,70.88,-0.0051,,2020-11-24
發行量加權股價指數,"13,738.83",-,68.3,-0.0049,,2020-11-25
發行量加權股價指數,"13,845.66",+,106.83,0.0078000000000000005,,2020-11-26
發行量加權股價指數,"13,867.09",+,21.43,0.0015,,2020-11-27
發行量加權股價指數,"13,722.89",-,144.2,-0.010400000000000001,,2020-11-30
發行量加權股價指數,"13,885.67",+,162.78,0.011899999999999999,,2020-12-01
發行量加權股價指數,"13,989.14",+,103.47,0.0075,,2020-12-02
發行量加權股價指數,"13,977.09",-,12.05,-0.0009,,2020-12-03
發行量加權股價指數,"14,132.44",+,155.35,0.0111,,2020-12-04
發行量加權股價指數,"14,256.60",+,124.16,0.0088,,2020-12-07
發行量加權股價指數,"14,360.40",+,103.8,0.0073,,2020-12-08
發行量加權股價指數,"14,390.14",+,29.74,0.0021,,2020-12-09
發行量加權股價指數,"14,249.49",-,140.65,-0.0098,,2020-12-10
發行量加權股價指數,"14,261.69",+,12.2,0.0009,,2020-12-11
發行量加權股價指數,"14,211.05",-,50.64,-0.0036,,2020-12-14
發行量加權股價指數,"14,068.52",-,142.53,-0.01,,2020-12-15
發行量加權股價指數,"14,304.46",+,235.94,0.0168,,2020-12-16
發行量加權股價指數,"14,258.93",-,45.53,-0.0032,,2020-12-17
發行量加權股價指數,"14,249.96",-,8.97,-0.0006,,2020-12-18
發行量加權股價指數,"14,384.96",+,135.0,0.0095,,2020-12-21
發行量加權股價指數,"14,177.46",-,207.5,-0.0144,,2020-12-22
發行量加權股價指數,"14,223.09",+,45.63,0.0032,,2020-12-23
發行量加權股價指數,"14,280.28",+,57.19,0.004,,2020-12-24
發行量加權股價指數,"14,331.42",+,51.14,0.0036,,2020-12-25
發行量加權股價指數,"14,483.07",+,151.65,0.0106,,2020-12-28
發行量加權股價指數,"14,472.05",-,11.02,-0.0008,,2020-12-29
發行量加權股價指數,"14,687.70",+,215.65,0.0149,,2020-12-30
發行量加權股價指數,"14,732.53",+,44.83,0.0031,,2020-12-31
發行量加權股價指數,"14,902.03",+,169.5,0.0115,,2021-01-04
發行量加權股價指數,"15,000.03",+,98.0,0.006600000000000001,,2021-01-05
發行量加權股價指數,"14,983.13",-,16.9,-0.0011,,2021-01-06
發行量加權股價指數,"15,214.00",+,230.87,0.0154,,2021-01-07
發行量加權股價指數,"15,463.95",+,249.95,0.016399999999999998,,2021-01-08
發行量加權股價指數,"15,557.30",+,93.35,0.006,,2021-01-11
發行量加權股價指數,"15,500.70",-,56.6,-0.0036,,2021-01-12
發行量加權股價指數,"15,769.98",+,269.28,0.0174,,2021-01-13
發行量加權股價指數,"15,707.19",-,62.79,-0.004,,2021-01-14
發行量加權股價指數,"15,616.39",-,90.8,-0.0058,,2021-01-15
發行量加權股價指數,"15,612.00",-,4.39,-0.0003,,2021-01-18
發行量加權股價指數,"15,877.37",+,265.37,0.017,,2021-01-19
發行量加權股價指數,"15,806.18",-,71.19,-0.0045000000000000005,,2021-01-20
發行量加權股價指數,"16,153.77",+,347.59,0.022000000000000002,,2021-01-21
發行量加權股價指數,"16,019.03",-,134.74,-0.0083,,2021-01-22
發行量加權股價指數,"15,946.54",-,72.49,-0.0045000000000000005,,2021-01-25
發行量加權股價指數,"15,658.85",-,287.69,-0.018000000000000002,,2021-01-26
發行量加權股價指數,"15,701.45",+,42.6,0.0027,,2021-01-27
發行量加權股價指數,"15,415.88",-,285.57,-0.0182,,2021-01-28
發行量加權股價指數,"15,138.31",-,277.57,-0.018000000000000002,,2021-01-29
發行量加權股價指數,"15,410.09",+,271.78,0.018000000000000002,,2021-02-01
發行量加權股價指數,"15,760.05",+,349.96,0.0227,,2021-02-02
發行量加權股價指數,"15,771.32",+,11.27,0.0007000000000000001,,2021-02-03
發行量加權股價指數,"15,706.22",-,65.1,-0.0040999999999999995,,2021-02-04
發行量加權股價指數,"15,802.40",+,96.18,0.0061,,2021-02-05
發行量加權股價指數,"16,362.29",+,559.89,0.0354,,2021-02-17
發行量加權股價指數,"16,424.51",+,62.22,0.0038,,2021-02-18
發行量加權股價指數,"16,341.38",-,83.13,-0.0051,,2021-02-19
發行量加權股價指數,"16,410.16",+,68.78,0.0042,,2021-02-22
發行量加權股價指數,"16,443.40",+,33.24,0.002,,2021-02-23
發行量加權股價指數,"16,212.53",-,230.87,-0.013999999999999999,,2021-02-24
發行量加權股價指數,"16,452.18",+,239.65,0.0148,,2021-02-25
發行量加權股價指數,"15,953.80",-,498.38,-0.030299999999999997,,2021-02-26
發行量加權股價指數,"15,946.88",-,6.92,-0.0004,,2021-03-02
發行量加權股價指數,"16,211.73",+,264.85,0.0166,,2021-03-03
發行量加權股價指數,"15,906.41",-,305.32,-0.0188,,2021-03-04
發行量加權股價指數,"15,855.23",-,51.18,-0.0032,,2021-03-05
發行量加權股價指數,"15,820.11",-,35.12,-0.0022,,2021-03-08
發行量加權股價指數,"15,853.09",+,32.98,0.0021,,2021-03-09
發行量加權股價指數,"15,911.67",+,58.58,0.0037,,2021-03-10
發行量加權股價指數,"16,179.56",+,267.89,0.0168,,2021-03-11
發行量加權股價指數,"16,255.18",+,75.62,0.0047,,2021-03-12
發行量加權股價指數,"16,249.33",-,5.85,-0.0004,,2021-03-15
發行量加權股價指數,"16,313.16",+,63.83,0.0039000000000000003,,2021-03-16
發行量加權股價指數,"16,215.82",-,97.34,-0.006,,2021-03-17
發行量加權股價指數,"16,287.84",+,72.02,0.0044,,2021-03-18
發行量加權股價指數,"16,070.24",-,217.6,-0.0134,,2021-03-19
發行量加權股價指數,"16,189.22",+,118.98,0.0074,,2021-03-22
發行量加權股價指數,"16,177.59",-,11.63,-0.0007000000000000001,,2021-03-23
發行量加權股價指數,"16,032.12",-,145.47,-0.009000000000000001,,2021-03-24
發行量加權股價指數,"16,060.14",+,28.02,0.0017000000000000001,,2021-03-25
發行量加權股價指數,"16,305.88",+,245.74,0.015300000000000001,,2021-03-26
發行量加權股價指數,"16,475.97",+,170.09,0.010400000000000001,,2021-03-29
發行量加權股價指數,"16,554.90",+,78.93,0.0048,,2021-03-30
發行量加權股價指數,"16,431.13",-,123.77,-0.0075,,2021-03-31
發行量加權股價指數,"16,571.28",+,140.15,0.0085,,2021-04-01
發行量加權股價指數,"16,815.36",+,75.49,0.0045000000000000005,,2021-04-07
發行量加權股價指數,"16,926.44",+,111.08,0.006600000000000001,,2021-04-08
發行量加權股價指數,"16,854.10",-,72.34,-0.0043,,2021-04-09
發行量加權股價指數,"16,859.70",+,5.6,0.0003,,2021-04-12
發行量加權股價指數,"16,824.91",-,34.79,-0.0021,,2021-04-13
發行量加權股價指數,"16,865.97",+,41.06,0.0024,,2021-04-14
發行量加權股價指數,"17,076.73",+,210.76,0.0125,,2021-04-15
發行量加權股價指數,"17,158.81",+,82.08,0.0048,,2021-04-16
發行量加權股價指數,"17,263.28",+,104.47,0.0061,,2021-04-19
發行量加權股價指數,"17,323.87",+,60.59,0.0034999999999999996,,2021-04-20
發行量加權股價指數,"17,202.11",-,121.76,-0.006999999999999999,,2021-04-21
發行量加權股價指數,"17,096.97",-,105.14,-0.0061,,2021-04-22
發行量加權股價指數,"17,300.27",+,203.3,0.011899999999999999,,2021-04-23
發行量加權股價指數,"17,572.29",+,272.02,0.015700000000000002,,2021-04-26
發行量加權股價指數,"17,595.90",+,23.61,0.0013000000000000002,,2021-04-27
發行量加權股價指數,"17,567.53",-,28.37,-0.0016,,2021-04-28
發行量加權股價指數,"17,566.66",-,0.87,0.0,,2021-04-29
發行量加權股價指數,"17,222.35",-,344.31,-0.0196,,2021-05-03
發行量加權股價指數,"16,933.78",-,288.57,-0.0168,,2021-05-04
發行量加權股價指數,"16,843.44",-,90.34,-0.0053,,2021-05-05
發行量加權股價指數,"16,994.36",+,150.92,0.009000000000000001,,2021-05-06
發行量加權股價指數,"17,285.00",+,290.64,0.0171,,2021-05-07
發行量加權股價指數,"17,235.61",-,49.39,-0.0029,,2021-05-10
發行量加權股價指數,"16,583.13",-,652.48,-0.0379,,2021-05-11
發行量加權股價指數,"15,902.37",-,680.76,-0.041100000000000005,,2021-05-12
發行量加權股價指數,"15,670.10",-,232.27,-0.0146,,2021-05-13
發行量加權股價指數,"15,827.09",+,156.99,0.01,,2021-05-14
發行量加權股價指數,"15,353.89",-,473.2,-0.029900000000000003,,2021-05-17
發行量加權股價指數,"16,145.98",+,792.09,0.0516,,2021-05-18
發行量加權股價指數,"16,132.66",-,13.32,-0.0008,,2021-05-19
發行量加權股價指數,"16,042.36",-,90.3,-0.005600000000000001,,2021-05-20
發行量加權股價指數,"16,302.06",+,259.7,0.016200000000000003,,2021-05-21
發行量加權股價指數,"16,338.29",+,36.23,0.0022,,2021-05-24
發行量加權股價指數,"16,595.67",+,257.38,0.0158,,2021-05-25
發行量加權股價指數,"16,643.69",+,48.02,0.0029,,2021-05-26
發行量加權股價指數,"16,601.61",-,42.08,-0.0025,,2021-05-27
發行量加權股價指數,"16,870.86",+,269.25,0.016200000000000003,,2021-05-28
發行量加權股價指數,"17,068.43",+,197.57,0.0117,,2021-05-31
發行量加權股價指數,"17,162.38",+,93.95,0.0055000000000000005,,2021-06-01
發行量加權股價指數,"17,165.04",+,2.66,0.0002,,2021-06-02
發行量加權股價指數,"17,246.16",+,81.12,0.0047,,2021-06-03
發行量加權股價指數,"17,147.41",-,98.75,-0.005699999999999999,,2021-06-04
發行量加權股價指數,"17,083.91",-,63.5,-0.0037,,2021-06-07
發行量加權股價指數,"17,076.21",-,7.7,-0.0005,,2021-06-08
發行量加權股價指數,"16,966.22",-,109.99,-0.0064,,2021-06-09
發行量加權股價指數,"17,159.22",+,193.0,0.011399999999999999,,2021-06-10
發行量加權股價指數,"17,213.52",+,54.3,0.0032,,2021-06-11
發行量加權股價指數,"17,371.29",+,157.77,0.0092,,2021-06-15
發行量加權股價指數,"17,307.86",-,63.43,-0.0037,,2021-06-16
發行量加權股價指數,"17,390.61",+,82.75,0.0048,,2021-06-17
發行量加權股價指數,"17,318.54",-,72.07,-0.0040999999999999995,,2021-06-18
發行量加權股價指數,"17,062.98",-,255.56,-0.0148,,2021-06-21
發行量加權股價指數,"17,075.55",+,12.57,0.0007000000000000001,,2021-06-22
發行量加權股價指數,"17,336.71",+,261.16,0.015300000000000001,,2021-06-23
發行量加權股價指數,"17,407.96",+,71.25,0.0040999999999999995,,2021-06-24
發行量加權股價指數,"17,502.99",+,95.03,0.0055000000000000005,,2021-06-25
發行量加權股價指數,"17,590.97",+,87.98,0.005,,2021-06-28
發行量加權股價指數,"17,598.19",+,7.22,0.0004,,2021-06-29
發行量加權股價指數,"17,755.46",+,157.27,0.0089,,2021-06-30
發行量加權股價指數,"17,713.94",-,41.52,-0.0023,,2021-07-01
發行量加權股價指數,"17,710.15",-,3.79,-0.0002,,2021-07-02
發行量加權股價指數,"17,919.33",+,209.18,0.0118,,2021-07-05
發行量加權股價指數,"17,913.07",-,6.26,-0.0003,,2021-07-06
發行量加權股價指數,"17,850.69",-,62.38,-0.0034999999999999996,,2021-07-07
發行量加權股價指數,"17,866.09",+,15.4,0.0009,,2021-07-08
發行量加權股價指數,"17,661.48",-,204.61,-0.0115,,2021-07-09
發行量加權股價指數,"17,814.33",+,152.85,0.0087,,2021-07-12
發行量加權股價指數,"17,847.52",+,33.19,0.0019,,2021-07-13
發行量加權股價指數,"17,845.75",-,1.77,-0.0001,,2021-07-14
發行量加權股價指數,"18,034.19",+,188.44,0.0106,,2021-07-15
發行量加權股價指數,"17,895.25",-,138.94,-0.0077,,2021-07-16
發行量加權股價指數,"17,789.25",-,106.0,-0.0059,,2021-07-19
發行量加權股價指數,"17,528.74",-,260.51,-0.0146,,2021-07-20
發行量加權股價指數,"17,458.79",-,69.95,-0.004,,2021-07-21
發行量加權股價指數,"17,572.33",+,113.54,0.006500000000000001,,2021-07-22
發行量加權股價指數,"17,572.92",+,0.59,0.0,,2021-07-23
發行量加權股價指數,"17,403.56",-,169.36,-0.0096,,2021-07-26
發行量加權股價指數,"17,269.87",-,133.69,-0.0077,,2021-07-27
發行量加權股價指數,"17,135.22",-,134.65,-0.0078000000000000005,,2021-07-28
發行量加權股價指數,"17,402.81",+,267.59,0.015600000000000001,,2021-07-29
發行量加權股價指數,"17,247.41",-,155.4,-0.0089,,2021-07-30
發行量加權股價指數,"17,503.28",+,255.87,0.0148,,2021-08-02
發行量加權股價指數,"17,553.76",+,50.48,0.0029,,2021-08-03
發行量加權股價指數,"17,623.89",+,70.13,0.004,,2021-08-04
發行量加權股價指數,"17,603.12",-,20.77,-0.0012,,2021-08-05
發行量加權股價指數,"17,526.28",-,76.84,-0.0044,,2021-08-06
發行量加權股價指數,"17,485.15",-,41.13,-0.0023,,2021-08-09
發行量加權股價指數,"17,323.64",-,161.51,-0.0092,,2021-08-10
發行量加權股價指數,"17,227.18",-,96.46,-0.005600000000000001,,2021-08-11
發行量加權股價指數,"17,219.94",-,7.24,-0.0004,,2021-08-12
發行量加權股價指數,"16,982.11",-,237.83,-0.0138,,2021-08-13
發行量加權股價指數,"16,858.77",-,123.34,-0.0073,,2021-08-16
發行量加權股價指數,"16,661.36",-,197.41,-0.0117,,2021-08-17
發行量加權股價指數,"16,826.27",+,164.91,0.0099,,2021-08-18
發行量加權股價指數,"16,375.40",-,450.87,-0.0268,,2021-08-19
發行量加權股價指數,"16,341.94",-,33.46,-0.002,,2021-08-20
發行量加權股價指數,"16,741.84",+,399.9,0.0245,,2021-08-23
發行量加權股價指數,"16,818.73",+,76.89,0.0046,,2021-08-24
發行量加權股價指數,"17,045.86",+,227.13,0.013500000000000002,,2021-08-25
發行量加權股價指數,"17,066.96",+,21.1,0.0012,,2021-08-26
發行量加權股價指數,"17,209.93",+,142.97,0.0084,,2021-08-27
發行量加權股價指數,"17,396.52",+,186.59,0.0108,,2021-08-30
發行量加權股價指數,"17,490.29",+,93.77,0.0054,,2021-08-31
發行量加權股價指數,"17,473.99",-,16.3,-0.0009,,2021-09-01
發行量加權股價指數,"17,319.76",-,154.23,-0.0088,,2021-09-02
發行量加權股價指數,"17,516.92",+,197.16,0.011399999999999999,,2021-09-03
發行量加權股價指數,"17,495.30",-,21.62,-0.0012,,2021-09-06
發行量加權股價指數,"17,428.87",-,66.43,-0.0038,,2021-09-07
發行量加權股價指數,"17,270.49",-,158.38,-0.0091,,2021-09-08
發行量加權股價指數,"17,304.33",+,33.84,0.002,,2021-09-09
發行量加權股價指數,"17,474.57",+,170.24,0.0098,,2021-09-10
發行量加權股價指數,"17,446.31",-,28.26,-0.0016,,2021-09-13
發行量加權股價指數,"17,434.90",-,11.41,-0.0007000000000000001,,2021-09-14
發行量加權股價指數,"17,354.00",-,80.9,-0.0046,,2021-09-15
發行量加權股價指數,"17,278.70",-,75.3,-0.0043,,2021-09-16
發行量加權股價指數,"17,276.79",-,1.91,-0.0001,,2021-09-17
發行量加權股價指數,"16,925.82",-,350.97,-0.0203,,2021-09-22
發行量加權股價指數,"17,078.22",+,152.4,0.009000000000000001,,2021-09-23
發行量加權股價指數,"17,260.19",+,181.97,0.010700000000000001,,2021-09-24
發行量加權股價指數,"17,313.77",+,53.58,0.0031,,2021-09-27
發行量加權股價指數,"17,181.44",-,132.33,-0.0076,,2021-09-28
發行量加權股價指數,"16,855.46",-,325.98,-0.019,,2021-09-29
發行量加權股價指數,"16,934.77",+,79.31,0.0047,,2021-09-30
發行量加權股價指數,"16,570.89",-,363.88,-0.0215,,2021-10-01
發行量加權股價指數,"16,408.35",-,162.54,-0.0098,,2021-10-04
發行量加權股價指數,"16,460.75",+,52.4,0.0032,,2021-10-05
發行量加權股價指數,"16,393.16",-,67.59,-0.0040999999999999995,,2021-10-06
發行量加權股價指數,"16,713.86",+,320.7,0.0196,,2021-10-07
發行量加權股價指數,"16,640.43",-,73.43,-0.0044,,2021-10-08
發行量加權股價指數,"16,462.84",-,177.59,-0.010700000000000001,,2021-10-12
發行量加權股價指數,"16,347.99",-,114.85,-0.006999999999999999,,2021-10-13
發行量加權股價指數,"16,387.28",+,39.29,0.0024,,2021-10-14
發行量加權股價指數,"16,781.19",+,393.91,0.024,,2021-10-15
發行量加權股價指數,"16,705.46",-,75.73,-0.0045000000000000005,,2021-10-18
發行量加權股價指數,"16,900.67",+,195.21,0.0117,,2021-10-19
發行量加權股價指數,"16,887.82",-,12.85,-0.0008,,2021-10-20
發行量加權股價指數,"16,889.51",+,1.69,0.0001,,2021-10-21
發行量加權股價指數,"16,888.74",-,0.77,0.0,,2021-10-22
發行量加權股價指數,"16,894.24",+,5.5,0.0003,,2021-10-25
發行量加權股價指數,"17,034.34",+,140.1,0.0083,,2021-10-26
發行量加權股價指數,"17,074.55",+,40.21,0.0024,,2021-10-27
發行量加權股價指數,"17,041.63",-,32.92,-0.0019,,2021-10-28
發行量加權股價指數,"16,987.41",-,54.22,-0.0032,,2021-10-29
發行量加權股價指數,"17,068.24",+,80.83,0.0048,,2021-11-01
發行量加權股價指數,"17,065.97",-,2.27,-0.0001,,2021-11-02
發行量加權股價指數,"17,122.16",+,56.19,0.0033000000000000004,,2021-11-03
發行量加權股價指數,"17,078.86",-,43.3,-0.0025,,2021-11-04
發行量加權股價指數,"17,296.90",+,218.04,0.0128,,2021-11-05
發行量加權股價指數,"17,415.30",+,118.4,0.0068000000000000005,,2021-11-08
發行量加權股價指數,"17,541.36",+,126.06,0.0072,,2021-11-09
發行量加權股價指數,"17,559.65",+,18.29,0.001,,2021-11-10
發行量加權股價指數,"17,452.52",-,107.13,-0.0061,,2021-11-11
發行量加權股價指數,"17,518.13",+,65.61,0.0038,,2021-11-12
發行量加權股價指數,"17,634.47",+,116.34,0.006600000000000001,,2021-11-15
發行量加權股價指數,"17,693.13",+,58.66,0.0033000000000000004,,2021-11-16
發行量加權股價指數,"17,764.04",+,70.91,0.004,,2021-11-17
發行量加權股價指數,"17,841.37",+,77.33,0.0044,,2021-11-18
發行量加權股價指數,"17,818.31",-,23.06,-0.0013000000000000002,,2021-11-19
發行量加權股價指數,"17,803.54",-,14.77,-0.0008,,2021-11-22
發行量加權股價指數,"17,666.12",-,137.42,-0.0077,,2021-11-23
發行量加權股價指數,"17,642.52",-,23.6,-0.0013000000000000002,,2021-11-24
發行量加權股價指數,"17,654.19",+,11.67,0.0007000000000000001,,2021-11-25
發行量加權股價指數,"17,369.39",-,284.8,-0.0161,,2021-11-26
發行量加權股價指數,"17,328.09",-,41.3,-0.0024,,2021-11-29
發行量加權股價指數,"17,427.76",+,99.67,0.0058,,2021-11-30
發行量加權股價指數,"17,585.99",+,158.23,0.0091,,2021-12-01
發行量加權股價指數,"17,724.88",+,138.89,0.0079,,2021-12-02
發行量加權股價指數,"17,697.14",-,27.74,-0.0016,,2021-12-03
發行量加權股價指數,"17,688.21",-,8.93,-0.0005,,2021-12-06
發行量加權股價指數,"17,796.92",+,108.71,0.0061,,2021-12-07
發行量加權股價指數,"17,832.42",+,35.5,0.002,,2021-12-08
發行量加權股價指數,"17,914.12",+,81.7,0.0046,,2021-12-09
發行量加權股價指數,"17,826.26",-,87.86,-0.0049,,2021-12-10
發行量加權股價指數,"17,767.60",-,58.66,-0.0033000000000000004,,2021-12-13
發行量加權股價指數,"17,599.37",-,168.23,-0.0095,,2021-12-14
發行量加權股價指數,"17,660.10",+,60.73,0.0034999999999999996,,2021-12-15
發行量加權股價指數,"17,785.74",+,125.64,0.0070999999999999995,,2021-12-16
發行量加權股價指數,"17,812.59",+,26.85,0.0015,,2021-12-17
發行量加權股價指數,"17,669.11",-,143.48,-0.008100000000000001,,2021-12-20
發行量加權股價指數,"17,789.27",+,120.16,0.0068000000000000005,,2021-12-21
發行量加權股價指數,"17,826.83",+,37.56,0.0021,,2021-12-22
發行量加權股價指數,"17,946.66",+,119.83,0.0067,,2021-12-23
發行量加權股價指數,"17,961.64",+,14.98,0.0008,,2021-12-24
發行量加權股價指數,"18,048.94",+,87.3,0.0049,,2021-12-27
發行量加權股價指數,"18,196.81",+,147.87,0.008199999999999999,,2021-12-28
發行量加權股價指數,"18,248.28",+,51.47,0.0028000000000000004,,2021-12-29
發行量加權股價指數,"18,218.84",-,29.44,-0.0016,,2021-12-30
發行量加權股價指數,"18,270.51",+,51.67,0.0028000000000000004,,2022-01-03
發行量加權股價指數,"18,526.35",+,255.84,0.013999999999999999,,2022-01-04
發行量加權股價指數,"18,499.96",-,26.39,-0.0014000000000000002,,2022-01-05
發行量加權股價指數,"18,367.92",-,132.04,-0.0070999999999999995,,2022-01-06
發行量加權股價指數,"18,169.76",-,198.16,-0.0108,,2022-01-07
發行量加權股價指數,"18,239.38",+,69.62,0.0038,,2022-01-10
發行量加權股價指數,"18,288.21",+,48.83,0.0027,,2022-01-11
發行量加權股價指數,"18,375.40",+,87.19,0.0048,,2022-01-12
發行量加權股價指數,"18,436.93",+,61.53,0.0033000000000000004,,2022-01-13
發行量加權股價指數,"18,403.33",-,33.6,-0.0018,,2022-01-14
發行量加權股價指數,"18,525.44",+,122.11,0.006600000000000001,,2022-01-17
發行量加權股價指數,"18,378.64",-,146.8,-0.0079,,2022-01-18
發行量加權股價指數,"18,227.46",-,151.18,-0.008199999999999999,,2022-01-19
發行量加權股價指數,"18,218.28",-,9.18,-0.0005,,2022-01-20
發行量加權股價指數,"17,899.30",-,318.98,-0.0175,,2022-01-21
發行量加權股價指數,"17,989.04",+,89.74,0.005,,2022-01-24
發行量加權股價指數,"17,701.12",-,287.92,-0.016,,2022-01-25
發行量加權股價指數,"17,674.40",-,26.72,-0.0015,,2022-01-26
發行量加權股價指數,"17,900.30",+,225.9,0.0128,,2022-02-07
發行量加權股價指數,"17,966.56",+,66.26,0.0037,,2022-02-08
發行量加權股價指數,"18,151.76",+,185.2,0.0103,,2022-02-09
發行量加權股價指數,"18,338.05",+,186.29,0.0103,,2022-02-10
發行量加權股價指數,"18,310.94",-,27.11,-0.0015,,2022-02-11
發行量加權股價指數,"17,997.67",-,313.27,-0.0171,,2022-02-14
發行量加權股價指數,"17,951.81",-,45.86,-0.0025,,2022-02-15
發行量加權股價指數,"18,231.47",+,279.66,0.015600000000000001,,2022-02-16
發行量加權股價指數,"18,268.57",+,37.1,0.002,,2022-02-17
發行量加權股價指數,"18,232.35",-,36.22,-0.002,,2022-02-18
發行量加權股價指數,"18,221.49",-,10.86,-0.0006,,2022-02-21
發行量加權股價指數,"17,969.29",-,252.2,-0.0138,,2022-02-22
發行量加權股價指數,"18,055.73",+,86.44,0.0048,,2022-02-23
發行量加權股價指數,"17,594.55",-,461.18,-0.0255,,2022-02-24
發行量加權股價指數,"17,652.18",+,57.63,0.0033000000000000004,,2022-02-25
發行量加權股價指數,"17,898.25",+,246.07,0.0139,,2022-03-01
發行量加權股價指數,"17,867.60",-,30.65,-0.0017000000000000001,,2022-03-02
發行量加權股價指數,"17,934.40",+,66.8,0.0037,,2022-03-03
發行量加權股價指數,"17,736.52",-,197.88,-0.011000000000000001,,2022-03-04
發行量加權股價指數,"17,178.69",-,557.83,-0.0315,,2022-03-07
發行量加權股價指數,"16,825.25",-,353.44,-0.0206,,2022-03-08
發行量加權股價指數,"17,015.36",+,190.11,0.0113,,2022-03-09
發行量加權股價指數,"17,433.20",+,417.84,0.0246,,2022-03-10
發行量加權股價指數,"17,264.74",-,168.46,-0.0097,,2022-03-11
發行量加權股價指數,"17,263.04",-,1.7,-0.0001,,2022-03-14
發行量加權股價指數,"16,926.06",-,336.98,-0.0195,,2022-03-15
發行量加權股價指數,"16,940.83",+,14.77,0.0009,,2022-03-16
發行量加權股價指數,"17,448.22",+,507.39,0.03,,2022-03-17
發行量加權股價指數,"17,456.52",+,8.3,0.0005,,2022-03-18
發行量加權股價指數,"17,560.36",+,103.84,0.0059,,2022-03-21
發行量加權股價指數,"17,559.71",-,0.65,0.0,,2022-03-22
發行量加權股價指數,"17,731.37",+,171.66,0.0098,,2022-03-23
發行量加權股價指數,"17,699.06",-,32.31,-0.0018,,2022-03-24
發行量加權股價指數,"17,676.95",-,22.11,-0.0012,,2022-03-25
發行量加權股價指數,"17,520.01",-,156.94,-0.0089,,2022-03-28
發行量加權股價指數,"17,548.66",+,28.65,0.0016,,2022-03-29
發行量加權股價指數,"17,740.56",+,191.9,0.010900000000000002,,2022-03-30
發行量加權股價指數,"17,693.47",-,47.09,-0.0027,,2022-03-31
發行量加權股價指數,"17,625.59",-,67.88,-0.0038,,2022-04-01
發行量加權股價指數,"17,522.50",-,103.09,-0.0058,,2022-04-06
發行量加權股價指數,"17,178.63",-,343.87,-0.0196,,2022-04-07
發行量加權股價指數,"17,284.54",+,105.91,0.0062,,2022-04-08
發行量加權股價指數,"17,048.37",-,236.17,-0.013700000000000002,,2022-04-11
發行量加權股價指數,"16,990.91",-,57.46,-0.0034000000000000002,,2022-04-12
發行量加權股價指數,"17,301.65",+,310.74,0.0183,,2022-04-13
發行量加權股價指數,"17,245.65",-,56.0,-0.0032,,2022-04-14
發行量加權股價指數,"17,004.18",-,241.47,-0.013999999999999999,,2022-04-15
發行量加權股價指數,"16,898.87",-,105.31,-0.0062,,2022-04-18
發行量加權股價指數,"16,993.40",+,94.53,0.005600000000000001,,2022-04-19
發行量加權股價指數,"17,148.88",+,155.48,0.0091,,2022-04-20
發行量加權股價指數,"17,127.95",-,20.93,-0.0012,,2022-04-21
發行量加權股價指數,"17,025.09",-,102.86,-0.006,,2022-04-22
發行量加權股價指數,"16,620.90",-,404.19,-0.023700000000000002,,2022-04-25
發行量加權股價指數,"16,644.79",+,23.89,0.0014000000000000002,,2022-04-26
發行量加權股價指數,"16,303.35",-,341.44,-0.020499999999999997,,2022-04-27
發行量加權股價指數,"16,419.38",+,116.03,0.0070999999999999995,,2022-04-28
發行量加權股價指數,"16,592.18",+,172.8,0.0105,,2022-04-29
發行量加權股價指數,"16,498.90",-,93.28,-0.005600000000000001,,2022-05-03
發行量加權股價指數,"16,565.83",+,66.93,0.0040999999999999995,,2022-05-04
發行量加權股價指數,"16,696.12",+,130.29,0.0079,,2022-05-05
發行量加權股價指數,"16,408.20",-,287.92,-0.0172,,2022-05-06
發行量加權股價指數,"16,048.92",-,359.28,-0.0219,,2022-05-09
發行量加權股價指數,"16,061.70",+,12.78,0.0008,,2022-05-10
發行量加權股價指數,"16,006.25",-,55.45,-0.0034999999999999996,,2022-05-11
發行量加權股價指數,"15,616.68",-,389.57,-0.024300000000000002,,2022-05-12
發行量加權股價指數,"15,832.54",+,215.86,0.0138,,2022-05-13
發行量加權股價指數,"15,901.04",+,68.5,0.0043,,2022-05-16
發行量加權股價指數,"16,056.09",+,155.05,0.0098,,2022-05-17
發行量加權股價指數,"16,296.86",+,240.77,0.015,,2022-05-18
發行量加權股價指數,"16,020.32",-,276.54,-0.017,,2022-05-19
發行量加權股價指數,"16,144.85",+,124.53,0.0078000000000000005,,2022-05-20
發行量加權股價指數,"16,156.41",+,11.56,0.0007000000000000001,,2022-05-23
發行量加權股價指數,"15,963.63",-,192.78,-0.011899999999999999,,2022-05-24
發行量加權股價指數,"16,104.03",+,140.4,0.0088,,2022-05-25
發行量加權股價指數,"15,968.83",-,135.2,-0.0084,,2022-05-26
發行量加權股價指數,"16,266.22",+,297.39,0.018600000000000002,,2022-05-27
發行量加權股價指數,"16,610.62",+,344.4,0.0212,,2022-05-30
發行量加權股價指數,"16,807.77",+,197.15,0.011899999999999999,,2022-05-31
發行量加權股價指數,"16,675.09",-,132.68,-0.0079,,2022-06-01
發行量加權股價指數,"16,552.57",-,122.52,-0.0073,,2022-06-02
發行量加權股價指數,"16,605.96",+,53.39,0.0032,,2022-06-06
發行量加權股價指數,"16,512.88",-,93.08,-0.005600000000000001,,2022-06-07
發行量加權股價指數,"16,670.51",+,157.63,0.0095,,2022-06-08
發行量加權股價指數,"16,621.34",-,49.17,-0.0029,,2022-06-09
發行量加權股價指數,"16,460.12",-,161.22,-0.0097,,2022-06-10
發行量加權股價指數,"16,070.98",-,389.14,-0.0236,,2022-06-13
發行量加權股價指數,"16,047.37",-,23.61,-0.0015,,2022-06-14
發行量加權股價指數,"15,999.25",-,48.12,-0.003,,2022-06-15
發行量加權股價指數,"15,838.61",-,160.64,-0.01,,2022-06-16
發行量加權股價指數,"15,641.26",-,197.35,-0.0125,,2022-06-17
發行量加權股價指數,"15,367.58",-,273.68,-0.0175,,2022-06-20
發行量加權股價指數,"15,728.64",+,361.06,0.0235,,2022-06-21
發行量加權股價指數,"15,347.75",-,380.89,-0.0242,,2022-06-22
發行量加權股價指數,"15,176.44",-,171.31,-0.011200000000000002,,2022-06-23
發行量加權股價指數,"15,303.32",+,126.88,0.0084,,2022-06-24
發行量加權股價指數,"15,548.01",+,244.69,0.016,,2022-06-27
發行量加權股價指數,"15,439.92",-,108.09,-0.006999999999999999,,2022-06-28
發行量加權股價指數,"15,240.13",-,199.79,-0.0129,,2022-06-29
發行量加權股價指數,"14,825.73",-,414.4,-0.027200000000000002,,2022-06-30
發行量加權股價指數,"14,343.08",-,482.65,-0.0326,,2022-07-01
發行量加權股價指數,"14,217.06",-,126.02,-0.0088,,2022-07-04
發行量加權股價指數,"14,349.20",+,132.14,0.009300000000000001,,2022-07-05
發行量加權股價指數,"13,985.51",-,363.69,-0.0253,,2022-07-06
發行量加權股價指數,"14,336.27",+,350.76,0.025099999999999997,,2022-07-07
發行量加權股價指數,"14,464.53",+,128.26,0.0089,,2022-07-08
發行量加權股價指數,"14,340.53",-,124.0,-0.0086,,2022-07-11
發行量加權股價指數,"13,950.62",-,389.91,-0.027200000000000002,,2022-07-12
發行量加權股價指數,"14,324.68",+,374.06,0.0268,,2022-07-13
發行量加權股價指數,"14,438.52",+,113.84,0.0079,,2022-07-14
發行量加權股價指數,"14,550.62",+,112.1,0.0078000000000000005,,2022-07-15
發行量加權股價指數,"14,719.64",+,169.02,0.0116,,2022-07-18
發行量加權股價指數,"14,694.08",-,25.56,-0.0017000000000000001,,2022-07-19
發行量加權股價指數,"14,733.22",+,39.14,0.0027,,2022-07-20
發行量加權股價指數,"14,937.70",+,204.48,0.0139,,2022-07-21
發行量加權股價指數,"14,949.36",+,11.66,0.0008,,2022-07-22
發行量加權股價指數,"14,936.33",-,13.03,-0.0009,,2022-07-25
發行量加權股價指數,"14,806.78",-,129.55,-0.0087,,2022-07-26
發行量加權股價指數,"14,921.59",+,114.81,0.0078000000000000005,,2022-07-27
發行量加權股價指數,"14,891.90",-,29.69,-0.002,,2022-07-28
發行量加權股價指數,"15,000.07",+,108.17,0.0073,,2022-07-29
發行量加權股價指數,"14,981.69",-,18.38,-0.0012,,2022-08-01
發行量加權股價指數,"14,747.23",-,234.46,-0.015600000000000001,,2022-08-02
發行量加權股價指數,"14,777.02",+,29.79,0.002,,2022-08-03
發行量加權股價指數,"14,702.20",-,74.82,-0.0051,,2022-08-04
發行量加權股價指數,"15,036.04",+,333.84,0.0227,,2022-08-05
發行量加權股價指數,"15,020.41",-,15.63,-0.001,,2022-08-08
發行量加權股價指數,"15,050.28",+,29.87,0.002,,2022-08-09
發行量加權股價指數,"14,939.02",-,111.26,-0.0074,,2022-08-10
發行量加權股價指數,"15,197.85",+,258.83,0.0173,,2022-08-11
發行量加權股價指數,"15,288.97",+,91.12,0.006,,2022-08-12
發行量加權股價指數,"15,417.35",+,128.38,0.0084,,2022-08-15
發行量加權股價指數,"15,420.57",+,3.22,0.0002,,2022-08-16
發行量加權股價指數,"15,465.45",+,44.88,0.0029,,2022-08-17
發行量加權股價指數,"15,396.76",-,68.69,-0.0044,,2022-08-18
發行量加權股價指數,"15,408.78",+,12.02,0.0008,,2022-08-19
發行量加權股價指數,"15,245.14",-,163.64,-0.0106,,2022-08-22
發行量加權股價指數,"15,095.89",-,149.25,-0.0098,,2022-08-23
發行量加權股價指數,"15,069.19",-,26.7,-0.0018,,2022-08-24
發行量加權股價指數,"15,200.04",+,130.85,0.0087,,2022-08-25
發行量加權股價指數,"15,278.44",+,78.4,0.005200000000000001,,2022-08-26
發行量加權股價指數,"14,926.19",-,352.25,-0.023100000000000002,,2022-08-29
發行量加權股價指數,"14,953.63",+,27.44,0.0018,,2022-08-30
發行量加權股價指數,"15,095.44",+,141.81,0.0095,,2022-08-31
發行量加權股價指數,"14,801.86",-,293.58,-0.0194,,2022-09-01
發行量加權股價指數,"14,673.04",-,128.82,-0.0087,,2022-09-02
發行量加權股價指數,"14,661.10",-,11.94,-0.0008,,2022-09-05
發行量加權股價指數,"14,677.20",+,16.1,0.0011,,2022-09-06
發行量加權股價指數,"14,410.05",-,267.15,-0.0182,,2022-09-07
發行量加權股價指數,"14,583.42",+,173.37,0.012,,2022-09-08
發行量加權股價指數,"14,807.43",+,224.01,0.0154,,2022-09-12
發行量加權股價指數,"14,894.41",+,86.98,0.0059,,2022-09-13
發行量加權股價指數,"14,658.31",-,236.1,-0.0159,,2022-09-14
發行量加權股價指數,"14,670.04",+,11.73,0.0008,,2022-09-15
發行量加權股價指數,"14,561.76",-,108.28,-0.0074,,2022-09-16
發行量加權股價指數,"14,425.68",-,136.08,-0.009300000000000001,,2022-09-19
發行量加權股價指數,"14,549.30",+,123.62,0.0086,,2022-09-20
發行量加權股價指數,"14,424.52",-,124.78,-0.0086,,2022-09-21
發行量加權股價指數,"14,284.63",-,139.89,-0.0097,,2022-09-22
發行量加權股價指數,"14,118.38",-,166.25,-0.0116,,2022-09-23
發行量加權股價指數,"13,778.19",-,340.19,-0.024100000000000003,,2022-09-26
發行量加權股價指數,"13,826.59",+,48.4,0.0034999999999999996,,2022-09-27
發行量加權股價指數,"13,466.07",-,360.52,-0.026099999999999998,,2022-09-28
發行量加權股價指數,"13,534.26",+,68.19,0.0051,,2022-09-29
發行量加權股價指數,"13,424.58",-,109.68,-0.008100000000000001,,2022-09-30
發行量加權股價指數,"13,300.48",-,124.1,-0.0092,,2022-10-03
發行量加權股價指數,"13,576.52",+,276.04,0.020800000000000003,,2022-10-04
發行量加權股價指數,"13,801.43",+,224.91,0.0166,,2022-10-05
發行量加權股價指數,"13,892.05",+,90.62,0.006600000000000001,,2022-10-06
發行量加權股價指數,"13,702.28",-,189.77,-0.013700000000000002,,2022-10-07
發行量加權股價指數,"13,106.03",-,596.25,-0.0435,,2022-10-11
發行量加權股價指數,"13,081.24",-,24.79,-0.0019,,2022-10-12
發行量加權股價指數,"12,810.73",-,270.51,-0.0207,,2022-10-13
發行量加權股價指數,"13,128.12",+,317.39,0.0248,,2022-10-14
發行量加權股價指數,"12,966.05",-,162.07,-0.0123,,2022-10-17
發行量加權股價指數,"13,124.68",+,158.63,0.0122,,2022-10-18
發行量加權股價指數,"12,976.76",-,147.92,-0.0113,,2022-10-19
發行量加權股價指數,"12,946.10",-,30.66,-0.0024,,2022-10-20
發行量加權股價指數,"12,819.20",-,126.9,-0.0098,,2022-10-21
發行量加權股價指數,"12,856.98",+,37.78,0.0029,,2022-10-24
發行量加權股價指數,"12,666.12",-,190.86,-0.0148,,2022-10-25
發行量加權股價指數,"12,729.05",+,62.93,0.005,,2022-10-26
發行量加權股價指數,"12,926.37",+,197.32,0.015500000000000002,,2022-10-27
發行量加權股價指數,"12,788.42",-,137.95,-0.010700000000000001,,2022-10-28
發行量加權股價指數,"12,949.75",+,161.33,0.0126,,2022-10-31
發行量加權股價指數,"13,037.21",+,87.46,0.0068000000000000005,,2022-11-01
發行量加權股價指數,"13,100.17",+,62.96,0.0048,,2022-11-02
發行量加權股價指數,"12,986.60",-,113.57,-0.0087,,2022-11-03
發行量加權股價指數,"13,026.71",+,40.11,0.0031,,2022-11-04
發行量加權股價指數,"13,223.73",+,197.02,0.0151,,2022-11-07
發行量加權股價指數,"13,347.76",+,124.03,0.0094,,2022-11-08
發行量加權股價指數,"13,638.81",+,291.05,0.021800000000000003,,2022-11-09
發行量加權股價指數,"13,503.76",-,135.05,-0.0099,,2022-11-10
發行量加權股價指數,"14,007.56",+,503.8,0.0373,,2022-11-11
發行量加權股價指數,"14,174.90",+,167.34,0.011899999999999999,,2022-11-14
發行量加權股價指數,"14,546.31",+,371.41,0.0262,,2022-11-15
發行量加權股價指數,"14,537.35",-,8.96,-0.0006,,2022-11-16
發行量加權股價指數,"14,535.23",-,2.12,-0.0001,,2022-11-17
發行量加權股價指數,"14,504.99",-,30.24,-0.0021,,2022-11-18
發行量加權股價指數,"14,449.39",-,55.6,-0.0038,,2022-11-21
發行量加權股價指數,"14,542.20",+,92.81,0.0064,,2022-11-22
發行量加權股價指數,"14,608.54",+,66.34,0.0046,,2022-11-23
發行量加權股價指數,"14,784.00",+,175.46,0.012,,2022-11-24
發行量加權股價指數,"14,778.51",-,5.49,-0.0004,,2022-11-25
發行量加權股價指數,"14,556.87",-,221.64,-0.015,,2022-11-28
發行量加權股價指數,"14,709.64",+,152.77,0.0105,,2022-11-29
發行量加權股價指數,"14,879.55",+,169.91,0.0116,,2022-11-30
發行量加權股價指數,"15,012.80",+,133.25,0.009000000000000001,,2022-12-01
發行量加權股價指數,"14,970.68",-,42.12,-0.0028000000000000004,,2022-12-02
發行量加權股價指數,"14,980.74",+,10.06,0.0007000000000000001,,2022-12-05
發行量加權股價指數,"14,728.88",-,251.86,-0.0168,,2022-12-06
發行量加權股價指數,"14,630.01",-,98.87,-0.0067,,2022-12-07
發行量加權股價指數,"14,553.04",-,76.97,-0.0053,,2022-12-08
發行量加權股價指數,"14,705.43",+,152.39,0.0105,,2022-12-09
發行量加權股價指數,"14,612.59",-,92.84,-0.0063,,2022-12-12
發行量加權股價指數,"14,522.96",-,89.63,-0.0061,,2022-12-13
發行量加權股價指數,"14,739.36",+,216.4,0.0149,,2022-12-14
發行量加權股價指數,"14,734.13",-,5.23,-0.0004,,2022-12-15
發行量加權股價指數,"14,528.55",-,205.58,-0.013999999999999999,,2022-12-16
發行量加權股價指數,"14,433.32",-,95.23,-0.006600000000000001,,2022-12-19
發行量加權股價指數,"14,170.03",-,263.29,-0.0182,,2022-12-20
發行量加權股價指數,"14,234.40",+,64.37,0.0045000000000000005,,2022-12-21
發行量加權股價指數,"14,442.94",+,208.54,0.0147,,2022-12-22
發行量加權股價指數,"14,271.63",-,171.31,-0.011899999999999999,,2022-12-23
發行量加權股價指數,"14,285.13",+,13.5,0.0009,,2022-12-26
發行量加權股價指數,"14,328.43",+,43.3,0.003,,2022-12-27
發行量加權股價指數,"14,173.10",-,155.33,-0.0108,,2022-12-28
發行量加權股價指數,"14,085.02",-,88.08,-0.0062,,2022-12-29
發行量加權股價指數,"14,137.69",+,52.67,0.0037,,2022-12-30
發行量加權股價指數,"14,224.12",+,86.43,0.0061,,2023-01-03
發行量加權股價指數,"14,199.13",-,24.99,-0.0018,,2023-01-04
發行量加權股價指數,"14,301.05",+,101.92,0.0072,,2023-01-05
發行量加權股價指數,"14,373.34",+,72.29,0.0051,,2023-01-06
發行量加權股價指數,"14,752.21",+,378.87,0.026400000000000003,,2023-01-09
發行量加權股價指數,"14,802.96",+,50.75,0.0034000000000000002,,2023-01-10
發行量加權股價指數,"14,751.44",-,51.52,-0.0034999999999999996,,2023-01-11
發行量加權股價指數,"14,731.64",-,19.8,-0.0013000000000000002,,2023-01-12
發行量加權股價指數,"14,824.13",+,92.49,0.0063,,2023-01-13
發行量加權股價指數,"14,927.01",+,102.88,0.0069,,2023-01-16
發行量加權股價指數,"14,932.93",+,5.92,0.0004,,2023-01-17
發行量加權股價指數,"15,493.82",+,560.89,0.0376,,2023-01-30
發行量加權股價指數,"15,265.20",-,228.62,-0.0148,,2023-01-31
發行量加權股價指數,"15,420.13",+,154.93,0.0101,,2023-02-01
發行量加權股價指數,"15,595.16",+,175.03,0.011399999999999999,,2023-02-02
發行量加權股價指數,"15,602.66",+,7.5,0.0005,,2023-02-03
發行量加權股價指數,"15,392.82",-,209.84,-0.0134,,2023-02-06
發行量加權股價指數,"15,400.91",+,8.09,0.0005,,2023-02-07
發行量加權股價指數,"15,618.17",+,217.26,0.0141,,2023-02-08
發行量加權股價指數,"15,598.71",-,19.46,-0.0012,,2023-02-09
發行量加權股價指數,"15,586.65",-,12.06,-0.0008,,2023-02-10
發行量加權股價指數,"15,544.28",-,42.37,-0.0027,,2023-02-13
發行量加權股價指數,"15,654.48",+,110.2,0.0070999999999999995,,2023-02-14
發行量加權股價指數,"15,432.89",-,221.59,-0.014199999999999999,,2023-02-15
發行量加權股價指數,"15,550.50",+,117.61,0.0076,,2023-02-16
發行量加權股價指數,"15,479.70",-,70.8,-0.0046,,2023-02-17
發行量加權股價指數,"15,551.23",+,71.53,0.0046,,2023-02-20
發行量加權股價指數,"15,563.00",+,11.77,0.0008,,2023-02-21
發行量加權股價指數,"15,418.77",-,144.23,-0.009300000000000001,,2023-02-22
發行量加權股價指數,"15,615.41",+,196.64,0.0128,,2023-02-23
發行量加權股價指數,"15,503.79",-,111.62,-0.0070999999999999995,,2023-02-24
發行量加權股價指數,"15,598.49",+,94.7,0.0061,,2023-03-01
發行量加權股價指數,"15,598.72",+,0.23,0.0,,2023-03-02
發行量加權股價指數,"15,608.42",+,9.7,0.0006,,2023-03-03
發行量加權股價指數,"15,763.51",+,155.09,0.0099,,2023-03-06
發行量加權股價指數,"15,857.89",+,94.38,0.006,,2023-03-07
發行量加權股價指數,"15,818.20",-,39.69,-0.0025,,2023-03-08
發行量加權股價指數,"15,770.66",-,47.54,-0.003,,2023-03-09
發行量加權股價指數,"15,526.20",-,244.46,-0.015500000000000002,,2023-03-10
發行量加權股價指數,"15,560.49",+,34.29,0.0022,,2023-03-13
發行量加權股價指數,"15,360.42",-,200.07,-0.0129,,2023-03-14
發行量加權股價指數,"15,387.59",+,27.17,0.0018,,2023-03-15
發行量加權股價指數,"15,221.12",-,166.47,-0.0108,,2023-03-16
發行量加權股價指數,"15,452.96",+,231.84,0.0152,,2023-03-17
發行量加權股價指數,"15,419.97",-,32.99,-0.0021,,2023-03-20
發行量加權股價指數,"15,513.45",+,93.48,0.0061,,2023-03-21
發行量加權股價指數,"15,760.46",+,247.01,0.0159,,2023-03-22
發行量加權股價指數,"15,863.95",+,103.49,0.006600000000000001,,2023-03-23
發行量加權股價指數,"15,914.70",+,50.75,0.0032,,2023-03-24
發行量加權股價指數,"15,830.31",-,84.39,-0.0053,,2023-03-27
發行量加權股價指數,"15,701.48",-,128.83,-0.008100000000000001,,2023-03-28
發行量加權股價指數,"15,769.76",+,68.28,0.0043,,2023-03-29
發行量加權股價指數,"15,849.43",+,79.67,0.0051,,2023-03-30
發行量加權股價指數,"15,868.06",+,18.63,0.0012,,2023-03-31
發行量加權股價指數,"15,810.77",-,57.29,-0.0036,,2023-04-06
發行量加權股價指數,"15,836.50",+,25.73,0.0016,,2023-04-07
發行量加權股價指數,"15,876.17",+,39.67,0.0025,,2023-04-10
發行量加權股價指數,"15,913.88",+,37.71,0.0024,,2023-04-11
發行量加權股價指數,"15,932.97",+,19.09,0.0012,,2023-04-12
發行量加權股價指數,"15,804.76",-,128.21,-0.008,,2023-04-13
發行量加權股價指數,"15,929.43",+,124.67,0.0079,,2023-04-14
發行量加權股價指數,"15,963.55",+,34.12,0.0021,,2023-04-17
發行量加權股價指數,"15,869.44",-,94.11,-0.0059,,2023-04-18
發行量加權股價指數,"15,770.47",-,98.97,-0.0062,,2023-04-19
發行量加權股價指數,"15,707.52",-,62.95,-0.004,,2023-04-20
發行量加權股價指數,"15,602.99",-,104.53,-0.0067,,2023-04-21
發行量加權股價指數,"15,626.87",+,23.88,0.0015,,2023-04-24
發行量加權股價指數,"15,370.73",-,256.14,-0.016399999999999998,,2023-04-25
發行量加權股價指數,"15,374.63",+,3.9,0.0003,,2023-04-26
發行量加權股價指數,"15,411.49",+,36.86,0.0024,,2023-04-27
發行量加權股價指數,"15,579.18",+,167.69,0.010900000000000002,,2023-04-28
