Date,Open,High,Low,Close,Adj Close,Volume,股票代號
2019-01-02,203.5,204.0,201.5,203.5,137.418274,1055090,2357
2019-01-03,202.0,204.0,199.5,204.0,137.75592,1147697,2357
2019-01-04,203.5,210.0,202.0,209.5,141.46991,1701127,2357
2019-01-07,210.0,216.5,208.5,216.0,145.859207,1570684,2357
2019-01-08,215.0,216.0,212.5,216.0,145.859207,853927,2357
2019-01-09,216.5,222.5,216.5,221.0,149.235565,1764492,2357
2019-01-10,220.5,223.5,218.5,223.5,150.923737,952644,2357
2019-01-11,222.0,225.0,222.0,224.5,151.599014,986891,2357
2019-01-14,224.0,224.0,218.0,222.5,150.248474,1154757,2357
2019-01-15,223.5,225.0,221.0,224.5,151.599014,1123867,2357
2019-01-16,224.0,226.5,222.5,226.0,152.611938,838244,2357
2019-01-17,226.0,230.0,226.0,228.0,153.962494,1388858,2357
2019-01-18,230.0,232.5,228.5,232.5,157.001236,1377887,2357
2019-01-21,232.5,232.5,229.5,230.0,155.313034,673554,2357
2019-01-22,230.5,230.5,227.0,230.0,155.313034,791183,2357
2019-01-23,226.5,227.5,223.0,226.0,152.611938,1440497,2357
2019-01-24,226.0,227.5,224.5,227.5,153.624847,671927,2357
2019-01-25,226.5,229.5,225.5,229.5,154.975403,984962,2357
2019-01-28,230.0,232.0,226.5,229.0,154.637756,646119,2357
2019-01-29,227.5,228.0,225.5,226.0,152.611938,737292,2357
2019-01-30,228.0,236.0,227.0,236.0,159.364685,2113250,2357
2019-02-11,241.0,241.0,228.5,229.0,154.637756,2275054,2357
2019-02-12,230.0,231.5,229.0,230.5,155.650681,832263,2357
2019-02-13,229.0,230.0,226.5,227.0,153.287216,1210759,2357
2019-02-14,225.0,228.5,225.0,228.5,154.300125,1078173,2357
2019-02-15,228.0,228.0,225.0,225.0,151.936676,1041563,2357
2019-02-18,225.0,228.0,225.0,228.0,153.962494,696038,2357
2019-02-19,228.0,228.0,225.5,226.0,152.611938,642987,2357
2019-02-20,226.5,231.0,226.5,228.5,154.300125,1066853,2357
2019-02-21,228.0,230.5,227.0,229.0,154.637756,804438,2357
2019-02-22,227.5,228.5,225.0,227.0,153.287216,1506512,2357
2019-02-25,227.0,230.5,226.5,230.5,155.650681,1481148,2357
2019-02-26,230.0,232.5,229.0,229.0,154.637756,1073694,2357
2019-02-27,229.0,230.0,219.5,219.5,148.222656,2677787,2357
2019-03-04,217.5,222.0,215.5,221.0,149.235565,2128432,2357
2019-03-05,219.5,221.5,219.5,221.0,149.235565,575601,2357
2019-03-06,221.0,222.5,221.0,222.0,149.910858,608205,2357
2019-03-07,223.5,224.5,220.0,222.0,149.910858,997159,2357
2019-03-08,222.0,222.5,219.5,219.5,148.222656,434987,2357
2019-03-11,219.0,220.5,216.0,216.0,145.859207,1086253,2357
2019-03-12,219.0,224.0,218.5,221.0,149.235565,1395643,2357
2019-03-13,225.0,225.0,222.0,223.5,150.923737,921876,2357
2019-03-14,221.5,225.0,221.5,225.0,151.936676,861375,2357
2019-03-15,225.0,225.0,223.0,225.0,151.936676,1593893,2357
2019-03-18,224.0,224.5,222.0,224.0,151.261398,452312,2357
2019-03-19,222.5,225.5,222.5,224.5,151.599014,423021,2357
2019-03-20,224.5,226.0,224.5,226.0,152.611938,428907,2357
2019-03-21,224.5,225.0,222.5,225.0,151.936676,1222068,2357
2019-03-22,224.0,228.5,224.0,228.0,153.962494,1244536,2357
2019-03-25,223.0,224.0,218.0,219.0,147.885025,1527944,2357
2019-03-26,220.0,222.0,220.0,221.0,149.235565,490123,2357
2019-03-27,220.0,222.5,220.0,222.0,149.910858,568859,2357
2019-03-28,222.0,223.5,220.0,221.0,149.235565,1016765,2357
2019-03-29,220.0,223.0,218.0,223.0,150.586121,1494355,2357
2019-04-01,223.5,224.5,222.5,222.5,150.248474,1018924,2357
2019-04-02,223.0,226.5,222.5,225.5,152.274307,1241214,2357
2019-04-03,225.5,227.0,224.5,226.0,152.611938,581897,2357
2019-04-08,228.5,231.5,227.0,230.0,155.313034,1570637,2357
2019-04-09,231.0,231.0,228.0,230.0,155.313034,1379666,2357
2019-04-10,229.0,232.5,228.5,232.5,157.001236,1912134,2357
2019-04-11,232.0,232.5,228.5,229.5,154.975403,1118977,2357
2019-04-12,230.5,231.0,229.5,230.0,155.313034,879739,2357
2019-04-15,232.0,232.0,230.0,232.0,156.663574,931955,2357
2019-04-16,230.5,237.5,230.5,237.5,160.377594,1271711,2357
2019-04-17,236.5,241.0,236.5,240.0,162.065781,1529499,2357
2019-04-18,240.0,240.0,234.5,236.0,159.364685,768466,2357
2019-04-19,239.0,239.0,236.5,238.0,160.71524,429531,2357
2019-04-22,238.0,238.0,234.0,235.0,158.689407,587603,2357
2019-04-23,236.0,238.5,234.0,238.5,161.052872,552178,2357
2019-04-24,237.0,238.0,234.5,236.5,159.702316,654342,2357
2019-04-25,236.0,237.0,234.5,237.0,160.039963,427931,2357
2019-04-26,235.0,236.0,234.0,236.0,159.364685,498239,2357
2019-04-29,234.0,237.0,234.0,236.0,159.364685,377525,2357
2019-04-30,234.5,237.0,234.5,236.0,159.364685,734538,2357
2019-05-02,236.0,238.5,235.5,238.5,161.052872,447599,2357
2019-05-03,239.0,241.0,238.5,240.0,162.065781,681896,2357
2019-05-06,236.0,237.0,230.0,233.5,157.676498,837500,2357
2019-05-07,233.5,234.5,233.0,233.5,157.676498,474191,2357
2019-05-08,230.0,231.5,228.0,230.0,155.313034,841467,2357
2019-05-09,226.0,227.5,223.0,223.0,150.586121,1286335,2357
2019-05-10,222.0,225.0,219.0,220.0,148.560303,1400918,2357
2019-05-13,219.5,221.0,218.0,218.0,147.209763,765726,2357
2019-05-14,215.0,219.5,214.0,214.0,144.508667,1268740,2357
2019-05-15,213.5,216.0,212.0,215.0,145.183945,1092916,2357
2019-05-16,215.0,216.5,212.5,214.5,144.846283,1022077,2357
2019-05-17,215.0,216.5,214.0,215.0,145.183945,1400536,2357
2019-05-20,216.0,218.5,214.0,218.5,147.547379,955499,2357
2019-05-21,219.0,225.0,218.5,221.0,149.235565,1215310,2357
2019-05-22,220.0,221.0,217.5,217.5,146.872101,916835,2357
2019-05-23,218.0,219.5,216.0,219.0,147.885025,641195,2357
2019-05-24,220.0,220.0,217.0,217.0,146.53447,783547,2357
2019-05-27,217.0,218.5,216.0,216.5,146.196823,675109,2357
2019-05-28,216.0,218.0,213.5,213.5,144.17099,3459086,2357
2019-05-29,213.0,215.0,213.0,213.0,143.833389,710478,2357
2019-05-30,213.0,216.5,212.5,216.5,146.196823,1053907,2357
2019-05-31,215.0,217.0,215.0,217.0,146.53447,1325540,2357
2019-06-04,215.0,217.5,215.0,216.5,146.196823,811143,2357
2019-06-05,217.0,220.0,217.0,218.0,147.209763,840082,2357
2019-06-06,216.0,217.5,216.0,216.5,146.196823,573110,2357
2019-06-10,217.5,219.5,216.5,218.5,147.547379,812759,2357
2019-06-11,218.0,220.0,217.0,218.5,147.547379,951125,2357
2019-06-12,218.5,219.0,217.0,219.0,147.885025,733618,2357
2019-06-13,218.0,218.0,216.5,218.0,147.209763,554079,2357
2019-06-14,217.0,218.0,216.5,216.5,146.196823,561879,2357
2019-06-17,217.5,221.0,217.0,218.0,147.209763,503915,2357
2019-06-18,218.5,222.0,218.5,222.0,149.910858,600479,2357
2019-06-19,223.0,225.0,221.5,225.0,151.936676,1304167,2357
2019-06-20,225.0,229.0,225.0,226.5,152.94957,1150253,2357
2019-06-21,226.5,227.5,225.0,225.0,151.936676,1370422,2357
2019-06-24,225.5,227.0,225.0,226.0,152.611938,571594,2357
2019-06-25,225.0,225.0,222.5,223.0,150.586121,812136,2357
2019-06-26,222.5,224.5,222.0,223.0,150.586121,883429,2357
2019-06-27,223.0,226.0,223.0,225.5,152.274307,1103538,2357
2019-06-28,226.5,226.5,222.5,223.0,150.586121,1127891,2357
2019-07-01,225.5,228.5,223.5,223.5,150.923737,1355553,2357
2019-07-02,223.5,224.0,222.5,223.5,150.923737,1635047,2357
2019-07-03,223.0,226.0,223.0,224.5,151.599014,1592104,2357
2019-07-04,227.0,228.5,225.0,228.0,153.962494,1967304,2357
2019-07-05,228.5,232.0,228.0,232.0,156.663574,2220816,2357
2019-07-08,220.0,220.0,215.0,218.0,157.385559,3017972,2357
2019-07-09,217.0,218.0,215.0,216.0,155.941635,1081197,2357
2019-07-10,215.5,216.5,215.0,215.5,155.580658,786925,2357
2019-07-11,217.0,217.0,215.5,216.0,155.941635,818007,2357
2019-07-12,215.5,216.5,215.0,215.5,155.580658,924947,2357
2019-07-15,217.0,219.0,213.0,217.0,156.663589,1471740,2357
2019-07-16,216.5,217.0,215.5,215.5,155.580658,709949,2357
2019-07-17,215.5,216.5,215.0,216.5,156.302597,686015,2357
2019-07-18,217.0,218.0,216.0,218.0,157.385559,688696,2357
2019-07-19,219.0,222.0,219.0,222.0,160.273361,2028177,2357
2019-07-22,222.0,224.5,220.0,224.0,161.717255,1315447,2357
2019-07-23,224.0,224.5,222.0,224.5,162.078217,970553,2357
2019-07-24,225.5,226.5,224.5,226.0,163.161148,1536248,2357
2019-07-25,225.5,226.0,220.0,220.0,158.829453,1716532,2357
2019-07-26,220.0,222.0,217.5,217.5,157.024551,1137127,2357
2019-07-29,217.0,220.5,217.0,220.5,159.190414,899025,2357
2019-07-30,222.5,224.0,221.0,223.5,161.356262,1230983,2357
2019-07-31,220.5,222.0,216.0,222.0,160.273361,2232998,2357
2019-08-01,216.5,218.0,214.5,214.5,154.858704,2679615,2357
2019-08-02,212.5,214.0,209.0,211.0,152.331879,2488123,2357
2019-08-05,208.0,210.0,205.5,205.5,148.36113,2141870,2357
2019-08-06,201.0,205.0,200.5,204.0,147.278214,1756772,2357
2019-08-07,203.5,204.5,202.0,204.5,147.639191,1941125,2357
2019-08-08,205.5,205.5,202.5,203.5,146.917236,1211178,2357
2019-08-12,201.0,204.0,201.0,202.5,146.195282,941713,2357
2019-08-13,201.5,203.5,201.0,202.0,145.834305,679110,2357
2019-08-14,203.5,204.0,201.0,201.5,145.473328,1758097,2357
2019-08-15,198.5,199.5,196.5,199.5,144.029434,1666694,2357
2019-08-16,198.0,202.5,198.0,199.0,143.668442,1521700,2357
2019-08-19,201.0,202.0,199.0,199.0,143.668442,887571,2357
2019-08-20,199.5,201.0,199.0,199.0,143.668442,815254,2357
2019-08-21,199.0,200.5,199.0,199.0,143.668442,903289,2357
2019-08-22,201.0,203.0,199.5,200.5,144.751373,837314,2357
2019-08-23,201.0,202.0,200.0,200.5,144.751373,539639,2357
2019-08-26,199.0,199.0,197.5,199.0,143.668442,820609,2357
2019-08-27,200.0,201.0,199.0,201.0,145.11235,1407432,2357
2019-08-28,201.5,202.0,200.5,201.0,145.11235,396875,2357
2019-08-29,201.5,201.5,200.0,200.5,144.751373,615377,2357
2019-08-30,201.0,204.0,201.0,204.0,147.278214,1099691,2357
2019-09-03,205.5,205.5,203.0,203.0,146.556259,854162,2357
2019-09-04,204.5,208.0,204.0,207.5,149.805038,1058455,2357
2019-09-05,208.5,210.0,207.0,207.0,149.444077,1039014,2357
2019-09-06,208.0,209.5,206.0,207.0,149.444077,1346548,2357
2019-09-10,208.5,208.5,207.0,207.5,149.805038,904422,2357
2019-09-11,209.0,209.0,207.0,208.0,150.166031,641504,2357
2019-09-12,209.5,209.5,208.0,208.0,150.166031,704820,2357
2019-09-16,209.0,209.0,207.5,209.0,150.88797,886093,2357
2019-09-17,209.5,209.5,208.0,209.5,151.248932,945653,2357
2019-09-18,209.5,210.5,209.0,210.0,151.609924,1100257,2357
2019-09-19,211.0,212.0,210.0,211.0,152.331879,496252,2357
2019-09-20,210.0,211.0,210.0,211.0,152.331879,1603639,2357
2019-09-23,211.0,211.0,210.0,211.0,152.331879,598565,2357
2019-09-24,211.0,214.0,211.0,213.0,153.775787,908705,2357
2019-09-25,213.0,213.0,209.5,212.0,153.053833,1134264,2357
2019-09-26,211.0,212.0,209.0,210.0,151.609924,1220021,2357
2019-09-27,210.0,210.0,206.0,206.5,149.083084,1036238,2357
2019-10-01,200.5,201.5,198.0,199.0,143.668442,4194995,2357
2019-10-02,200.0,202.0,199.5,200.0,144.390411,1889009,2357
2019-10-03,199.0,199.0,196.5,199.0,143.668442,2403414,2357
2019-10-04,200.0,201.5,199.0,200.0,144.390411,1118640,2357
2019-10-07,200.0,201.0,199.5,200.5,144.751373,799080,2357
2019-10-08,201.5,204.0,201.0,202.5,146.195282,1043512,2357
2019-10-09,202.5,203.0,200.5,200.5,144.751373,695979,2357
2019-10-14,202.5,202.5,197.5,200.0,144.390411,1804181,2357
2019-10-15,201.0,202.0,200.0,202.0,145.834305,1391096,2357
2019-10-16,203.5,207.0,202.5,207.0,149.444077,1928954,2357
2019-10-17,207.5,210.0,206.0,209.5,151.248932,1236725,2357
2019-10-22,207.5,209.0,206.5,208.0,150.166031,901363,2357
2019-10-23,207.5,212.0,207.5,211.5,152.692841,1696911,2357
2019-10-24,210.5,212.0,209.5,211.5,152.692841,1259050,2357
2019-10-25,212.0,212.5,207.5,209.0,150.88797,1628445,2357
2019-10-28,210.0,211.5,209.0,211.5,152.692841,606653,2357
2019-10-29,212.0,212.0,208.0,209.5,151.248932,1014068,2357
2019-10-30,208.0,209.5,207.5,209.5,151.248932,1016077,2357
2019-10-31,210.0,210.0,206.5,206.5,149.083084,1722395,2357
2019-11-08,215.5,216.0,213.5,215.0,155.219696,1018523,2357
2019-11-11,214.0,214.0,210.0,211.0,152.331879,1140645,2357
2019-11-12,214.5,214.5,212.0,213.5,154.136734,1167073,2357
2019-11-13,213.5,214.5,212.5,213.5,154.136734,1252318,2357
2019-11-14,220.0,229.5,219.0,226.5,163.522125,7476664,2357
2019-11-15,227.5,231.0,225.0,227.5,164.24408,4726772,2357
2019-11-18,227.5,231.0,226.5,230.0,166.048965,2362766,2357
2019-11-19,230.0,239.0,229.5,237.5,171.463608,3544676,2357
2019-11-20,238.0,243.0,237.0,240.0,173.268494,2933801,2357
2019-11-21,237.0,241.0,236.0,241.0,173.990448,1977812,2357
2019-11-22,242.0,242.0,238.0,241.0,173.990448,1746004,2357
2019-11-25,239.5,240.0,235.5,236.0,170.380676,1781139,2357
2019-11-26,234.5,236.5,232.0,232.0,167.492859,5201085,2357
2019-11-27,233.0,236.0,232.5,233.0,168.214828,1019111,2357
2019-11-28,232.0,233.5,230.0,231.5,167.131882,1301033,2357
2019-11-29,231.0,231.0,228.5,230.5,166.409943,1341066,2357
2019-12-02,230.0,230.0,227.0,229.0,165.327011,1023802,2357
2019-12-03,230.0,234.0,230.0,233.0,168.214828,1542707,2357
2019-12-04,231.0,233.0,229.0,233.0,168.214828,1503087,2357
2019-12-05,234.0,234.0,231.0,233.5,168.575806,1344819,2357
2019-12-06,234.5,234.5,230.0,231.0,166.77092,1403004,2357
2019-12-09,231.0,231.5,229.5,230.5,166.409943,644718,2357
2019-12-10,232.0,233.5,230.0,233.5,168.575806,1191233,2357
2019-12-11,233.5,233.5,230.0,231.5,167.131882,1194495,2357
2019-12-12,231.5,234.5,231.0,233.0,168.214828,1964332,2357
2019-12-13,233.0,234.5,231.5,233.5,168.575806,1231128,2357
2019-12-16,233.0,233.5,231.5,233.5,168.575806,6982,2357
2019-12-17,233.0,235.0,231.5,235.0,169.658722,1337111,2357
2019-12-18,235.0,239.5,234.5,239.0,172.546524,2503421,2357
2019-12-19,237.0,237.5,232.5,233.0,168.214828,1522633,2357
2019-12-20,235.0,235.0,232.0,233.0,168.214828,1791759,2357
2019-12-23,233.0,235.5,232.0,235.5,170.019699,642400,2357
2019-12-24,235.5,235.5,232.5,232.5,167.853851,438496,2357
2019-12-25,232.0,234.5,232.0,232.5,167.853851,459732,2357
2019-12-26,232.5,234.5,232.5,234.5,169.297745,535820,2357
2019-12-27,234.5,235.0,233.5,234.5,169.297745,566605,2357
2019-12-30,234.0,235.5,232.0,232.0,167.492859,762722,2357
2019-12-31,232.0,233.0,231.5,231.5,167.131882,920992,2357
2020-01-02,233.0,233.0,230.0,232.0,167.492859,748103,2357
2020-01-03,232.5,234.0,231.5,234.0,168.936768,934964,2357
2020-01-06,232.5,233.0,230.5,232.5,167.853851,806290,2357
2020-01-07,233.0,235.0,231.5,235.0,169.658722,1263692,2357
2020-01-08,234.0,234.0,231.5,232.0,167.492859,879233,2357
2020-01-09,232.0,235.0,232.0,235.0,169.658722,705496,2357
2020-01-10,235.0,239.0,234.5,234.5,169.297745,1740511,2357
2020-01-13,234.5,236.5,234.0,235.5,170.019699,705098,2357
2020-01-14,236.5,238.0,234.5,236.0,170.380676,1074050,2357
2020-01-15,234.5,235.0,232.5,234.0,168.936768,1204494,2357
2020-01-16,233.0,235.5,233.0,235.0,169.658722,1189282,2357
2020-01-17,235.0,235.5,234.0,235.5,170.019699,937615,2357
2020-01-20,235.5,237.0,234.5,236.0,170.380676,680459,2357
2020-01-30,234.0,234.0,219.0,222.5,160.634323,3625841,2357
2020-01-31,226.0,227.5,223.5,224.0,161.717255,1580182,2357
2020-02-03,220.0,224.0,217.0,221.5,159.912369,1559167,2357
2020-02-04,233.0,233.0,222.0,222.0,160.273361,1326150,2357
2020-02-05,223.5,223.5,220.0,221.0,159.551392,1283475,2357
2020-02-06,223.0,225.5,220.5,221.5,159.912369,1706693,2357
2020-02-07,221.0,223.5,220.5,223.0,160.9953,658717,2357
2020-02-10,219.0,220.0,217.0,219.5,158.46846,1010944,2357
2020-02-11,219.5,222.0,219.0,219.0,158.107498,899576,2357
2020-02-12,219.0,221.5,218.5,219.5,158.46846,1272558,2357
2020-02-13,220.0,220.5,218.0,218.0,157.385559,1733186,2357
2020-02-14,218.0,220.0,217.5,219.0,158.107498,814105,2357
2020-02-17,217.5,217.5,216.0,216.0,155.941635,683678,2357
2020-02-18,215.5,215.5,211.0,215.5,155.580658,1180877,2357
2020-02-19,215.0,220.0,215.0,217.0,156.663589,775098,2357
2020-02-20,218.5,218.5,215.5,216.0,155.941635,826472,2357
2020-02-21,215.0,215.5,213.5,214.5,154.858704,1079999,2357
2020-02-24,212.0,213.5,211.0,213.0,153.775787,1272784,2357
2020-02-25,210.0,212.5,210.0,211.0,152.331879,1013388,2357
2020-02-26,208.5,211.5,208.5,209.5,151.248932,1552353,2357
2020-02-27,208.5,209.0,206.0,206.0,148.722107,2067019,2357
2020-03-02,201.5,203.5,201.5,202.0,145.834305,2914600,2357
2020-03-03,204.0,205.0,202.5,203.0,146.556259,1274425,2357
2020-03-04,202.0,207.0,202.0,204.0,147.278214,1496202,2357
2020-03-05,205.0,206.5,203.0,203.0,146.556259,1613731,2357
2020-03-06,203.0,204.0,201.0,202.0,145.834305,1804621,2357
2020-03-09,200.0,201.0,198.0,199.5,144.029434,2922395,2357
2020-03-10,197.5,202.0,196.5,200.0,144.390411,3393156,2357
2020-03-11,199.0,200.0,197.0,197.5,142.585526,2898452,2357
2020-03-12,197.0,198.0,193.0,197.0,142.224548,3716542,2357
2020-03-13,188.0,193.0,182.0,190.0,137.170883,5474019,2357
2020-03-16,184.5,191.0,182.5,185.0,133.561127,3407192,2357
2020-03-17,182.0,187.0,181.5,185.0,133.561127,3585725,2357
2020-03-18,185.0,187.0,183.0,186.0,134.283081,3354908,2357
2020-03-19,176.0,180.0,172.0,173.0,124.89769,4848006,2357
2020-03-20,173.5,179.0,173.0,175.0,126.341599,6177261,2357
2020-03-23,170.0,175.5,167.0,170.5,123.092827,2443353,2357
2020-03-24,175.0,181.0,173.0,178.0,128.507462,3235792,2357
2020-03-25,181.0,184.0,180.0,180.0,129.95137,4179269,2357
2020-03-26,183.0,188.0,182.0,186.0,134.283081,3132884,2357
2020-03-27,190.5,195.0,188.0,192.0,138.614777,3925087,2357
2020-03-30,191.5,194.5,189.0,193.0,139.336731,2619378,2357
2020-03-31,195.5,204.5,193.0,204.5,147.639191,3862647,2357
2020-04-01,202.0,202.5,198.0,198.0,142.946487,3059402,2357
2020-04-06,198.5,198.5,192.5,197.0,142.224548,2825566,2357
2020-04-07,199.5,201.0,194.0,196.0,141.502594,2663639,2357
2020-04-08,196.0,198.0,195.0,195.5,141.141617,2582920,2357
2020-04-09,197.0,199.0,195.0,195.0,140.78064,1961702,2357
2020-04-10,195.0,197.5,195.0,197.5,142.585526,1395738,2357
2020-04-13,197.5,198.0,196.0,196.5,141.863571,1019632,2357
2020-04-14,197.0,199.5,197.0,198.5,143.307465,2209616,2357
2020-04-15,199.5,199.5,198.0,198.5,143.307465,2634098,2357
2020-04-16,196.0,198.0,195.5,196.5,141.863571,2294849,2357
2020-04-17,198.5,200.5,197.0,198.0,142.946487,2980446,2357
2020-04-21,197.0,197.0,191.5,193.5,139.697708,2932328,2357
2020-04-22,192.5,193.5,190.5,193.5,139.697708,2054402,2357
2020-04-23,193.0,196.0,193.0,193.5,139.697708,1736527,2357
2020-04-24,193.5,195.0,193.0,193.0,139.336731,1259408,2357
2020-04-27,195.0,198.0,194.5,197.0,142.224548,1411950,2357
2020-04-28,198.0,200.0,197.0,199.0,143.668442,1475058,2357
2020-04-29,199.5,202.5,199.5,202.5,146.195282,1591363,2357
2020-04-30,203.0,203.5,200.0,202.5,146.195282,2865172,2357
2020-05-04,195.0,198.5,195.0,198.5,143.307465,2626489,2357
2020-05-05,198.5,199.5,197.5,198.0,142.946487,1269498,2357
2020-05-06,197.5,198.0,195.5,196.0,141.502594,1629663,2357
2020-05-07,197.0,199.0,196.0,197.0,142.224548,1145321,2357
2020-05-08,199.0,201.0,198.0,200.5,144.751373,1920994,2357
2020-05-11,202.5,203.0,200.0,202.0,145.834305,1800128,2357
2020-05-12,200.0,201.5,198.5,201.0,145.11235,1540807,2357
2020-05-13,201.0,202.5,200.0,201.5,145.473328,1240638,2357
2020-05-14,201.0,209.0,201.0,208.0,150.166031,5413016,2357
2020-05-15,209.0,210.0,203.5,207.0,149.444077,4274300,2357
2020-05-18,204.0,206.0,202.0,202.0,145.834305,2020262,2357
2020-05-19,207.0,211.0,205.0,210.5,151.970886,3685308,2357
2020-05-20,211.5,213.0,205.5,205.5,148.36113,3195130,2357
2020-05-21,206.0,207.5,205.0,206.5,149.083084,2910014,2357
2020-05-22,206.5,206.5,203.0,204.5,147.639191,1548584,2357
2020-05-25,205.0,206.0,203.0,206.0,148.722107,1180216,2357
2020-05-26,208.0,210.0,206.5,207.5,149.805038,1849968,2357
2020-05-27,207.5,209.0,206.0,208.0,150.166031,872384,2357
2020-05-28,209.5,210.0,208.0,209.0,150.88797,1841450,2357
2020-05-29,207.5,210.5,206.0,210.5,151.970886,3410937,2357
2020-06-01,212.0,212.0,209.5,210.0,151.609924,1391156,2357
2020-06-02,210.5,215.0,210.5,214.0,154.497742,2011818,2357
2020-06-03,216.0,217.5,215.0,216.5,156.302597,2133059,2357
2020-06-04,218.5,218.5,215.0,217.0,156.663589,2113515,2357
2020-06-05,217.5,219.0,217.0,219.0,158.107498,1915827,2357
2020-06-08,220.0,221.5,218.5,220.0,158.829453,2856083,2357
2020-06-09,220.0,221.0,219.0,220.5,159.190414,2029290,2357
2020-06-10,220.5,227.5,219.5,225.0,162.439209,4594246,2357
2020-06-11,225.0,231.5,224.0,229.5,165.687988,4719463,2357
2020-06-12,225.0,228.0,221.0,226.0,163.161148,3702635,2357
2020-06-15,223.5,227.0,223.5,225.0,162.439209,3973893,2357
2020-06-16,226.0,231.0,225.5,230.0,166.048965,4342585,2357
2020-06-17,230.5,232.0,228.5,231.0,166.77092,3407129,2357
2020-06-18,231.5,235.0,229.5,235.0,169.658722,3829729,2357
2020-06-19,232.5,240.0,232.5,236.5,170.741653,6795486,2357
2020-06-22,243.0,245.0,237.5,245.0,176.87825,5986460,2357
2020-06-23,245.0,249.0,243.5,246.5,177.961166,7637819,2357
2020-06-24,227.0,228.5,222.5,223.5,171.072342,8938457,2357
2020-06-29,219.0,220.5,214.0,215.5,164.948959,6023039,2357
2020-06-30,218.0,220.0,214.0,216.0,165.331665,3329722,2357
2020-07-01,216.5,219.0,214.5,216.0,165.331665,2121502,2357
2020-07-02,218.5,219.0,216.0,218.0,166.862534,2024910,2357
2020-07-03,218.5,219.5,216.0,216.5,165.714371,1948770,2357
2020-07-06,217.5,219.5,216.5,218.5,167.245224,2343569,2357
2020-07-07,220.0,223.5,218.5,221.5,169.541504,3666001,2357
2020-07-08,222.0,226.0,221.0,225.5,172.60321,2933403,2357
2020-07-09,226.5,228.0,221.0,221.0,169.158783,2611527,2357
2020-07-10,222.5,223.0,218.0,218.0,166.862534,2274590,2357
2020-07-13,220.0,220.5,218.0,219.0,167.627945,1943667,2357
2020-07-14,219.0,220.0,217.5,217.5,166.479797,1432183,2357
2020-07-15,219.0,219.5,216.0,217.5,166.479797,2564972,2357
2020-07-16,219.5,221.5,217.0,219.5,168.010651,4093893,2357
2020-07-17,222.5,223.0,218.5,220.0,168.393372,2028540,2357
2020-07-20,222.0,225.0,221.0,224.5,171.837769,3230600,2357
2020-07-21,225.5,226.5,223.0,224.5,171.837769,2709048,2357
2020-07-22,224.5,225.5,223.5,224.5,171.837769,2010525,2357
2020-07-23,225.0,226.0,222.5,225.0,172.22049,2814821,2357
2020-07-24,224.0,224.5,218.0,218.0,166.862534,3506821,2357
2020-07-27,218.0,221.0,213.0,214.0,163.800827,2869609,2357
2020-07-28,213.5,217.0,213.0,216.0,165.331665,2040965,2357
2020-07-29,217.0,217.0,213.5,214.5,164.183533,2170742,2357
2020-07-30,215.0,217.5,214.0,215.0,164.566254,1759275,2357
2020-07-31,214.0,216.5,214.0,216.5,165.714371,2199171,2357
2020-08-03,215.5,216.5,213.0,213.0,163.0354,1896770,2357
2020-08-04,213.5,215.0,212.5,214.5,164.183533,1212823,2357
2020-08-05,217.0,226.5,216.5,224.5,171.837769,8526719,2357
2020-08-06,228.0,230.0,224.5,228.0,174.516754,5613970,2357
2020-08-07,228.5,230.5,225.5,230.0,176.047607,4380112,2357
2020-08-10,230.5,232.5,228.5,230.5,176.430328,3192254,2357
2020-08-11,232.0,233.0,228.5,229.5,175.664902,2961289,2357
2020-08-12,230.0,231.5,222.0,227.0,173.751328,5152702,2357
2020-08-13,231.0,243.0,231.0,242.0,185.232697,15401680,2357
2020-08-14,243.0,247.5,240.0,245.0,187.528976,6750597,2357
2020-08-17,247.0,253.5,245.0,251.5,192.504227,5802343,2357
2020-08-18,251.0,255.0,246.0,253.5,194.03508,4467044,2357
2020-08-19,255.0,259.5,253.0,253.5,194.03508,4375010,2357
2020-08-20,251.5,253.0,240.5,246.0,188.294403,4605020,2357
2020-08-21,253.5,253.5,245.5,249.5,190.973373,3347702,2357
2020-08-24,247.5,251.0,245.0,247.5,189.442535,2393322,2357
2020-08-25,247.0,248.5,246.5,248.0,189.825256,2188396,2357
2020-08-26,248.0,253.5,247.0,253.0,193.652374,2386239,2357
2020-08-27,253.0,253.5,245.5,249.0,190.590668,2948283,2357
2020-08-28,248.0,250.5,245.5,247.0,189.05983,1895826,2357
2020-08-31,247.5,248.5,243.0,243.0,185.998123,2214896,2357
2020-09-01,243.0,248.0,242.5,246.5,188.677109,1928696,2357
2020-09-02,245.5,246.5,241.0,246.5,188.677109,2955440,2357
2020-09-03,249.0,259.0,247.5,252.5,193.269653,5939654,2357
2020-09-04,247.5,249.0,245.5,248.5,190.207962,2988968,2357
2020-09-07,248.0,248.0,245.0,247.5,189.442535,1106724,2357
2020-09-08,248.0,250.0,245.5,250.0,191.356094,2231350,2357
2020-09-09,246.5,247.5,245.0,247.5,189.442535,1620708,2357
2020-09-10,252.0,258.5,252.0,254.5,194.800507,4451603,2357
2020-09-11,253.5,254.0,249.0,251.5,192.504227,2301362,2357
2020-09-14,252.0,256.5,250.5,256.0,195.948654,1986350,2357
2020-09-15,255.0,257.0,254.0,256.5,196.33136,2665259,2357
2020-09-16,258.0,258.0,254.5,256.0,195.948654,2006867,2357
2020-09-17,255.0,257.5,254.0,256.0,195.948654,1185284,2357
2020-09-18,256.0,258.5,253.0,258.5,197.862213,3580902,2357
2020-09-21,254.5,259.5,254.5,257.0,196.714066,2391097,2357
2020-09-22,256.0,260.0,255.0,258.0,197.479492,2198857,2357
2020-09-23,257.0,260.0,256.0,259.0,198.244919,1436300,2357
2020-09-24,256.0,256.5,251.0,253.5,194.03508,2995417,2357
2020-09-25,253.5,254.5,245.5,246.5,188.677109,2304144,2357
2020-09-28,248.0,253.0,248.0,252.0,192.886948,1603992,2357
2020-09-29,252.0,253.0,248.0,249.5,190.973373,1206454,2357
2020-09-30,253.0,254.0,250.0,253.5,194.03508,2234113,2357
2020-10-05,253.5,254.0,245.0,247.0,189.05983,2432583,2357
2020-10-06,248.0,249.0,245.5,247.5,189.442535,1895542,2357
2020-10-07,246.0,249.0,246.0,247.0,189.05983,1587310,2357
2020-10-08,248.0,251.0,248.0,251.0,192.121536,1296292,2357
2020-10-12,251.0,254.0,250.5,254.0,194.417801,2345039,2357
2020-10-13,252.5,253.0,246.0,247.5,189.442535,2431917,2357
2020-10-14,246.0,247.5,242.5,246.5,188.677109,1865362,2357
2020-10-15,244.0,246.0,242.5,243.0,185.998123,1814367,2357
2020-10-16,244.0,245.5,242.0,242.5,185.615402,1165721,2357
2020-10-19,243.0,244.0,241.5,242.0,185.232697,1584894,2357
2020-10-20,241.0,241.5,236.0,237.5,181.7883,3299176,2357
2020-10-21,237.0,243.5,236.5,242.0,185.232697,3456880,2357
2020-10-22,240.0,242.5,236.0,241.5,184.849991,2181627,2357
2020-10-23,241.5,246.0,241.5,242.5,185.615402,2504696,2357
2020-10-26,251.5,258.5,247.5,247.5,189.442535,7149523,2357
2020-10-27,245.5,249.0,244.5,248.5,190.207962,2146543,2357
2020-10-28,246.5,252.0,246.5,249.5,190.973373,3119894,2357
2020-10-29,246.0,248.0,243.5,245.5,187.911682,2691667,2357
2020-10-30,243.5,248.0,242.0,242.5,185.615402,3232187,2357
2020-11-02,242.5,244.0,240.0,242.0,185.232697,1538573,2357
2020-11-03,243.5,244.0,242.0,243.0,185.998123,1533114,2357
2020-11-04,243.0,243.5,239.5,242.0,185.232697,2124039,2357
2020-11-05,243.0,245.0,242.0,243.0,185.998123,1056185,2357
2020-11-06,245.0,245.0,242.0,245.0,187.528976,2075969,2357
2020-11-09,247.5,251.0,246.0,251.0,192.121536,2716519,2357
2020-11-10,247.5,248.0,240.5,241.5,184.849991,4793749,2357
2020-11-11,240.5,248.5,238.5,248.5,190.207962,5760737,2357
2020-11-12,243.5,250.0,243.0,244.0,186.76355,9742349,2357
2020-11-13,243.0,247.0,242.0,246.0,188.294403,3664063,2357
2020-11-16,247.5,250.5,247.0,249.5,190.973373,5496021,2357
2020-11-17,250.0,253.0,249.5,250.0,191.356094,3676396,2357
2020-11-18,253.0,255.0,250.5,251.5,192.504227,4681556,2357
2020-11-19,252.0,252.5,248.5,251.0,192.121536,3513835,2357
2020-11-20,250.0,251.5,248.0,248.5,190.207962,3088225,2357
2020-11-23,249.5,252.0,249.0,251.0,192.121536,2824090,2357
2020-11-24,251.0,252.5,249.5,249.5,190.973373,2460056,2357
2020-11-25,250.5,251.0,249.0,250.5,191.7388,2327850,2357
2020-11-26,251.0,252.5,250.0,251.5,192.504227,1730746,2357
2020-11-27,252.5,252.5,250.5,251.5,192.504227,1603769,2357
2020-11-30,251.5,252.5,249.0,249.0,190.590668,4630903,2357
2020-12-01,249.5,250.5,248.0,248.5,190.207962,2035186,2357
2020-12-02,250.0,251.0,249.0,249.5,190.973373,2269276,2357
2020-12-03,250.0,250.5,247.0,247.0,189.05983,3038180,2357
2020-12-04,248.5,252.0,248.0,251.5,192.504227,2696187,2357
2020-12-07,252.5,258.0,252.0,254.0,194.417801,5050466,2357
2020-12-08,255.5,258.0,255.0,258.0,197.479492,4381520,2357
2020-12-09,259.0,265.0,256.5,264.0,202.072037,5365171,2357
2020-12-10,260.0,261.5,254.0,257.0,196.714066,4989588,2357
2020-12-11,257.0,258.0,251.0,255.0,195.183228,2745336,2357
2020-12-14,255.0,257.0,253.0,255.5,195.565933,2284587,2357
2020-12-15,254.0,257.0,253.0,253.0,193.652374,2191667,2357
2020-12-16,255.0,256.0,253.5,255.0,195.183228,1242883,2357
2020-12-17,255.0,256.0,253.5,253.5,194.03508,1586226,2357
2020-12-18,253.5,255.0,253.0,253.0,193.652374,2314483,2357
2020-12-21,252.0,252.5,248.5,251.5,192.504227,2290144,2357
2020-12-22,250.0,251.5,248.5,249.0,190.590668,2038783,2357
2020-12-23,249.0,250.0,247.5,249.0,190.590668,1256923,2357
2020-12-24,248.5,249.5,248.0,248.5,190.207962,1480474,2357
2020-12-25,250.0,251.0,247.5,248.0,189.825256,1736322,2357
2020-12-28,249.5,250.5,248.5,250.0,191.356094,1520924,2357
2020-12-29,250.0,251.5,250.0,250.5,191.7388,970723,2357
2020-12-30,251.0,252.5,249.5,252.5,193.269653,1635484,2357
2020-12-31,252.5,253.0,250.5,250.5,191.7388,1717237,2357
2021-01-04,250.5,252.5,250.0,251.0,192.121536,1531749,2357
2021-01-05,251.0,253.0,250.5,253.0,193.652374,1951835,2357
2021-01-06,254.0,255.0,250.0,254.0,194.417801,2984653,2357
2021-01-07,255.0,265.5,252.5,261.5,200.158493,7274739,2357
2021-01-08,265.0,280.0,264.5,279.5,213.936111,11062445,2357
2021-01-11,282.5,287.5,279.0,283.5,216.997803,6315052,2357
2021-01-12,285.0,287.0,280.0,281.0,215.084244,5002981,2357
2021-01-13,285.0,295.0,283.0,288.5,220.824936,6375090,2357
2021-01-14,289.5,291.5,284.5,288.0,220.442215,4895819,2357
2021-01-15,289.0,291.5,283.5,287.0,219.676804,4334120,2357
2021-01-18,286.0,286.0,279.0,283.0,216.615112,3271007,2357
2021-01-19,283.0,285.0,282.0,285.0,218.14595,2671114,2357
2021-01-20,284.0,285.0,275.0,276.0,211.257141,4781170,2357
2021-01-21,278.0,282.0,277.5,282.0,215.849686,3610802,2357
2021-01-22,282.0,288.5,280.0,284.5,217.763229,4410983,2357
2021-01-25,284.5,291.5,282.0,290.0,221.973083,5231348,2357
2021-01-26,291.0,292.5,284.0,284.0,217.380539,3685064,2357
2021-01-27,287.0,294.0,287.0,293.0,224.269333,6288355,2357
2021-01-28,288.0,291.5,285.5,288.5,220.824936,3658600,2357
2021-01-29,289.5,291.0,284.0,286.5,219.294098,3775896,2357
2021-02-01,285.0,285.0,280.5,283.5,216.997803,2111191,2357
2021-02-02,285.0,287.5,283.5,285.5,218.528671,3387713,2357
2021-02-03,288.5,291.0,285.0,288.5,220.824936,3497993,2357
2021-02-04,288.5,290.0,287.0,287.0,219.676804,2036209,2357
2021-02-05,289.5,290.0,287.0,288.5,220.824936,1343523,2357
2021-02-17,294.0,295.0,289.0,289.5,221.590363,5191787,2357
2021-02-18,289.5,290.5,287.0,289.0,221.207657,3506596,2357
2021-02-19,289.5,292.5,288.5,290.0,221.973083,2980292,2357
2021-02-22,291.5,295.0,290.0,290.0,221.973083,4613852,2357
2021-02-23,290.0,291.5,288.5,290.5,222.355774,3589534,2357
2021-02-24,291.0,309.5,291.0,300.5,230.01004,9921364,2357
2021-02-25,308.5,311.0,301.0,305.5,233.837143,5578897,2357
2021-02-26,300.5,307.5,299.0,304.0,232.689026,6592137,2357
2021-03-02,310.0,315.0,307.0,307.5,235.368011,7414500,2357
2021-03-03,311.0,317.5,306.0,316.5,242.256805,5360155,2357
2021-03-04,315.0,316.5,309.0,313.5,239.960526,4942528,2357
2021-03-05,309.0,311.5,307.0,311.0,238.046997,3721495,2357
2021-03-08,312.0,319.5,312.0,315.5,241.491409,3875339,2357
2021-03-09,318.5,318.5,309.0,313.0,239.57785,3400830,2357
2021-03-10,316.0,316.5,312.0,312.5,239.195099,3114473,2357
2021-03-11,315.0,319.5,314.5,317.5,243.022232,4899739,2357
2021-03-12,319.0,326.5,316.5,323.5,247.614792,6153285,2357
2021-03-15,322.5,328.0,319.0,326.0,249.528351,3263518,2357
2021-03-16,329.5,338.0,329.0,331.0,253.355453,4816497,2357
2021-03-17,331.0,332.5,322.0,325.5,249.145645,4860266,2357
2021-03-18,358.0,358.0,355.0,358.0,274.021942,15912474,2357
2021-03-19,368.0,386.0,360.0,377.5,288.947723,24595161,2357
2021-03-22,382.0,382.0,368.0,368.5,282.058868,10145606,2357
2021-03-23,373.0,373.0,365.0,365.5,279.762604,4882067,2357
2021-03-24,366.5,377.0,365.0,366.0,280.145325,5020497,2357
2021-03-25,367.0,368.5,362.0,365.0,279.379913,3602197,2357
2021-03-26,366.5,368.0,363.5,365.0,279.379913,3851223,2357
2021-03-29,366.5,375.0,364.0,374.0,286.268738,4463345,2357
2021-03-30,377.0,379.5,374.0,377.0,288.565002,4093079,2357
2021-03-31,377.0,377.5,372.0,372.5,285.120575,3801377,2357
2021-04-01,374.0,374.5,370.5,371.5,284.355164,2260814,2357
2021-04-07,370.0,373.0,368.0,371.5,284.355164,3195266,2357
2021-04-08,369.0,374.5,368.0,374.5,286.651428,3306437,2357
2021-04-09,373.5,374.5,370.5,371.5,284.355164,2632232,2357
2021-04-12,378.0,378.0,372.5,374.5,286.651428,3469247,2357
2021-04-13,374.5,377.0,368.5,370.5,283.589722,4214743,2357
2021-04-14,370.5,372.0,365.0,370.5,283.589722,3155608,2357
2021-04-15,370.0,373.0,367.5,373.0,285.503296,2375267,2357
2021-04-16,372.5,391.0,372.0,388.0,296.98465,8652879,2357
2021-04-19,395.5,398.0,385.5,385.5,295.071106,5788182,2357
2021-04-20,384.0,387.5,381.0,383.0,293.157532,3133837,2357
2021-04-21,381.0,381.5,376.0,376.5,288.182281,4334762,2357
2021-04-22,377.5,378.0,370.0,373.5,285.886017,5156125,2357
2021-04-23,372.0,378.0,370.0,378.0,289.330414,3760784,2357
2021-04-26,378.0,381.0,377.5,380.0,290.861267,3229123,2357
2021-04-27,378.5,380.0,372.5,375.0,287.034149,4711094,2357
2021-04-28,374.5,375.5,371.5,372.0,284.737885,2241592,2357
2021-04-29,372.0,378.0,372.0,376.0,287.799561,2561306,2357
2021-05-03,372.5,381.0,372.5,376.5,288.182281,3493882,2357
2021-05-04,378.0,380.0,370.5,378.0,289.330414,4093769,2357
2021-05-05,378.0,386.0,373.5,380.5,291.243988,5016399,2357
2021-05-06,380.0,394.0,379.0,380.5,291.243988,7335876,2357
2021-05-07,382.5,392.0,382.0,391.0,299.280914,5512040,2357
2021-05-10,392.0,393.5,385.5,387.0,296.219238,4820183,2357
2021-05-11,380.0,380.5,361.0,367.5,281.293457,7715186,2357
2021-05-12,366.0,374.0,335.0,361.5,276.700928,10110249,2357
2021-05-13,376.0,386.0,367.0,379.5,290.478546,12948410,2357
2021-05-14,382.0,393.0,374.0,380.0,290.861267,6519809,2357
2021-05-17,362.5,378.5,362.5,368.0,281.676178,6989929,2357
2021-05-18,370.0,384.5,369.5,384.0,293.922943,6684738,2357
2021-05-19,390.0,413.0,384.5,409.5,313.441254,15635923,2357
2021-05-20,413.0,428.0,394.0,397.0,303.873474,16532476,2357
2021-05-21,402.0,408.0,388.0,392.5,300.429077,8733152,2357
2021-05-24,390.5,393.0,386.0,390.0,298.515503,3342901,2357
2021-05-25,392.0,395.0,388.5,390.5,298.898224,4620312,2357
2021-05-26,390.5,399.0,389.0,397.5,304.256195,3359441,2357
2021-05-27,398.5,398.5,388.0,388.0,296.98465,5194837,2357
2021-05-28,393.0,393.0,387.0,391.5,299.663666,3624485,2357
2021-05-31,392.5,396.0,390.5,395.0,302.342651,2497663,2357
2021-06-01,399.0,403.0,395.0,403.0,308.466034,3157757,2357
2021-06-02,404.0,404.5,391.5,393.5,301.194489,4194177,2357
2021-06-03,393.0,395.0,389.5,392.0,300.046356,3395863,2357
2021-06-04,390.0,390.0,388.5,390.0,298.515503,1614915,2357
2021-06-07,389.0,390.0,380.5,388.0,296.98465,3000463,2357
2021-06-08,390.0,390.0,386.0,390.0,298.515503,2362684,2357
2021-06-09,390.0,390.5,385.0,386.0,295.453796,3673849,2357
2021-06-10,389.5,390.0,385.5,385.5,295.071106,3754226,2357
2021-06-11,385.5,388.0,382.0,383.0,293.157532,3725568,2357
2021-06-15,384.0,385.0,381.0,383.5,293.540253,2698301,2357
2021-06-16,384.5,390.5,384.5,388.0,296.98465,3884062,2357
2021-06-17,385.0,388.0,384.0,388.0,296.98465,1918768,2357
2021-06-18,388.5,389.0,385.0,385.0,294.688416,4289186,2357
2021-06-21,385.0,387.5,383.0,383.0,293.157532,3666987,2357
2021-06-22,383.0,388.0,375.0,375.0,287.034149,6994544,2357
2021-06-23,375.0,376.5,370.5,374.0,286.268738,5798938,2357
2021-06-24,375.0,377.0,372.0,373.5,285.886017,2744945,2357
2021-06-25,375.0,375.0,367.0,367.0,280.910736,6370441,2357
2021-06-28,368.5,374.0,365.0,372.5,285.120575,3777733,2357
2021-06-29,373.0,374.0,370.0,370.0,283.207031,2028525,2357
2021-06-30,371.5,375.0,370.0,371.5,284.355164,2792667,2357
2021-07-01,370.5,373.5,367.0,367.0,280.910736,2992659,2357
2021-07-02,368.5,372.0,367.0,371.0,283.972443,1789983,2357
2021-07-05,373.0,377.0,372.0,376.0,287.799561,2250178,2357
2021-07-06,378.0,378.0,375.5,376.0,287.799561,1698955,2357
2021-07-07,376.0,379.5,375.5,379.0,290.095856,1743026,2357
2021-07-08,382.0,382.0,379.0,381.0,291.626678,2226513,2357
2021-07-09,380.0,381.5,372.5,373.0,285.503296,4282736,2357
2021-07-12,379.0,382.0,377.0,381.0,291.626678,2405729,2357
2021-07-13,378.5,382.5,374.5,376.5,288.182281,3676347,2357
2021-07-14,378.5,379.0,376.0,379.0,290.095856,2489766,2357
2021-07-15,379.0,380.5,378.0,378.5,289.713104,1652271,2357
2021-07-16,377.0,378.5,374.0,376.0,287.799561,2775893,2357
2021-07-19,374.0,374.0,371.0,372.0,284.737885,2317415,2357
2021-07-20,370.5,373.5,370.0,371.0,283.972443,1974304,2357
2021-07-21,373.0,373.5,369.5,370.5,283.589722,2578108,2357
2021-07-22,368.0,372.0,365.0,365.5,279.762604,5965710,2357
2021-07-23,360.0,362.0,353.5,354.5,271.342957,9714061,2357
2021-07-26,354.5,357.5,351.0,354.5,271.342957,3641332,2357
2021-07-27,352.0,359.5,351.5,359.0,274.787354,4363346,2357
2021-07-28,358.5,358.5,353.0,353.5,270.577515,4984482,2357
2021-07-29,354.0,356.5,351.5,352.5,269.812103,5998967,2357
2021-07-30,354.0,357.0,351.0,351.0,268.66394,7177530,2357
2021-08-02,315.0,323.0,312.0,319.5,264.11734,10034373,2357
2021-08-03,322.0,329.0,319.0,324.5,268.250641,5928515,2357
2021-08-04,323.0,325.0,319.0,324.0,267.837311,4163570,2357
2021-08-05,324.0,326.0,320.0,321.0,265.35733,4531817,2357
2021-08-06,320.5,325.0,318.0,323.5,267.423981,3155950,2357
2021-08-09,324.0,324.0,320.5,322.0,266.18399,1903350,2357
2021-08-10,319.0,320.5,317.0,319.5,264.11734,3739506,2357
2021-08-11,320.0,323.0,318.5,323.0,267.010651,5028024,2357
2021-08-12,329.0,329.5,319.0,319.0,263.70401,6362831,2357
2021-08-13,320.0,320.5,316.5,316.5,261.63736,3064176,2357
2021-08-16,318.0,319.0,313.0,315.0,260.397369,3556542,2357
2021-08-17,315.0,315.0,315.0,315.0,260.397369,0,2357
2021-08-18,317.5,318.5,312.0,317.5,262.46402,4039675,2357
2021-08-19,316.0,316.5,311.0,311.0,257.090759,3573658,2357
2021-08-20,312.0,313.5,307.0,312.0,257.917419,3294229,2357
2021-08-23,316.0,319.0,314.5,317.5,262.46402,2116456,2357
2021-08-24,319.5,319.5,315.0,315.0,260.397369,1478237,2357
2021-08-25,316.0,318.5,316.0,318.5,263.29068,918527,2357
2021-08-26,319.5,319.5,316.0,319.0,263.70401,1332154,2357
2021-08-27,317.0,317.5,316.0,317.5,262.46402,1171220,2357
2021-08-30,318.0,319.5,315.5,319.0,263.70401,2367671,2357
2021-08-31,317.5,324.0,317.0,324.0,267.837311,2816456,2357
2021-09-01,322.0,323.0,320.0,321.0,265.35733,1565534,2357
2021-09-02,321.0,322.5,316.0,316.0,261.22403,1815115,2357
2021-09-03,318.0,321.0,317.0,319.5,264.11734,1559295,2357
2021-09-06,319.0,324.5,319.0,323.0,267.010651,1748763,2357
2021-09-07,322.5,324.5,319.0,319.0,263.70401,1910828,2357
2021-09-08,319.0,321.0,315.0,317.0,262.05069,2440059,2357
2021-09-09,315.5,318.5,313.5,316.0,261.22403,1309233,2357
2021-09-10,319.0,319.5,316.0,316.0,261.22403,1846692,2357
2021-09-13,318.0,322.0,317.5,320.0,264.53067,1340908,2357
2021-09-14,322.5,324.0,320.5,322.5,266.597321,2277754,2357
2021-09-15,323.5,325.0,322.0,322.5,266.597321,2276976,2357
2021-09-16,324.5,326.0,323.0,326.0,269.490631,2089621,2357
2021-09-17,327.0,329.0,326.0,326.0,269.490631,3505385,2357
2021-09-22,321.0,328.5,320.5,328.5,271.557251,2745619,2357
2021-09-23,331.0,333.0,329.0,331.5,274.037262,1896822,2357
2021-09-24,334.0,338.0,333.0,337.0,278.583862,2961085,2357
2021-09-27,338.0,341.0,337.0,340.5,281.477173,2588637,2357
2021-09-28,339.0,340.5,335.0,338.5,279.823853,2064997,2357
2021-09-29,333.0,334.5,327.5,328.5,271.557251,2814067,2357
2021-09-30,329.0,329.5,325.0,325.5,269.077301,2092363,2357
2021-10-01,325.0,325.5,319.0,320.5,264.944,2273292,2357
2021-10-04,323.0,325.0,322.0,324.0,267.837311,1710854,2357
2021-10-05,321.0,327.0,320.5,324.0,267.837311,1657450,2357
2021-10-06,326.0,326.0,321.0,323.0,267.010651,1927528,2357
2021-10-07,327.0,337.0,327.0,337.0,278.583862,3979143,2357
2021-10-08,334.0,339.0,333.0,338.0,279.410522,2348275,2357
2021-10-12,338.5,342.0,333.5,338.0,279.410522,2560267,2357
2021-10-13,340.0,345.0,338.5,343.5,283.957123,3511827,2357
2021-10-14,344.0,344.5,332.0,333.5,275.690552,3585208,2357
2021-10-15,336.0,337.5,333.5,334.0,276.103912,1897613,2357
2021-10-18,336.0,339.0,335.5,335.5,277.343872,1544919,2357
2021-10-19,338.0,339.5,336.5,339.0,280.237183,1819780,2357
2021-10-20,341.0,348.0,339.5,344.5,284.783813,3771367,2357
2021-10-21,347.0,351.0,346.5,349.0,288.503784,3769356,2357
2021-10-22,353.0,356.0,350.5,356.0,294.290375,3908743,2357
2021-10-25,354.5,359.5,352.0,353.0,291.810394,2936238,2357
2021-10-26,354.5,358.5,352.0,356.5,294.703705,2544258,2357
2021-10-27,355.5,358.5,354.5,357.5,295.530365,1410707,2357
2021-10-28,357.0,359.0,354.0,354.0,292.637054,1773441,2357
2021-10-29,354.0,356.5,350.5,353.0,291.810394,2431407,2357
2021-11-01,354.0,356.0,352.0,355.0,293.463715,1139132,2357
2021-11-02,356.0,358.0,356.0,356.0,294.290375,1783017,2357
2021-11-03,360.0,360.0,354.0,356.0,294.290375,2914323,2357
2021-11-04,358.5,360.0,356.0,359.0,296.770355,1959362,2357
2021-11-05,359.0,364.5,358.0,364.5,301.316956,2781034,2357
2021-11-08,369.0,374.5,367.0,371.5,307.103577,4080166,2357
2021-11-09,373.0,376.0,371.5,375.5,310.410217,3501240,2357
2021-11-10,372.0,378.0,371.0,377.5,312.063538,3299820,2357
2021-11-11,362.5,368.5,362.0,365.0,301.730316,7128568,2357
2021-11-12,365.0,365.0,357.0,360.0,297.597015,4006259,2357
2021-11-15,360.5,361.5,356.0,359.0,296.770355,2874562,2357
2021-11-16,358.0,358.0,353.0,354.5,293.050385,3693722,2357
2021-11-17,353.5,358.0,353.0,357.5,295.530365,2264509,2357
2021-11-18,355.5,361.0,355.5,359.5,297.183685,2386979,2357
2021-11-19,362.5,363.0,359.0,360.5,298.010345,1719908,2357
2021-11-22,359.5,359.5,354.5,356.0,294.290375,2192780,2357
2021-11-23,355.0,356.5,352.5,352.5,291.397064,2214579,2357
2021-11-24,354.0,358.5,353.5,355.0,293.463715,1336244,2357
2021-11-25,358.0,361.0,356.0,361.0,298.423645,1476171,2357
2021-11-26,361.0,361.0,355.5,356.0,294.290375,1748960,2357
2021-11-29,354.5,357.5,351.5,355.5,293.877045,2215771,2357
2021-11-30,354.5,360.5,352.5,352.5,291.397064,4973722,2357
2021-12-01,356.0,361.0,355.0,360.0,297.597015,2028442,2357
2021-12-02,360.0,364.0,359.0,363.5,300.490295,2072050,2357
2021-12-03,363.5,367.0,362.5,365.5,302.143616,2345512,2357
2021-12-06,363.5,365.0,361.0,365.0,301.730316,1603940,2357
2021-12-07,361.0,367.0,361.0,366.5,302.970306,1537334,2357
2021-12-08,367.0,368.0,360.0,360.0,297.597015,3967304,2357
2021-12-09,363.5,367.0,361.0,367.0,303.383606,2199159,2357
2021-12-10,370.0,371.5,367.5,368.0,304.210266,2238085,2357
2021-12-13,369.0,370.5,365.5,366.5,302.970306,2362610,2357
2021-12-14,365.5,367.0,363.0,366.5,302.970306,1668540,2357
2021-12-15,367.0,367.5,363.0,364.5,301.316956,1769801,2357
2021-12-16,368.0,369.5,367.0,367.0,303.383606,3566825,2357
2021-12-17,367.0,370.0,366.0,366.5,302.970306,3241616,2357
2021-12-20,365.5,369.5,364.5,367.0,303.383606,1900334,2357
2021-12-21,368.0,371.0,367.0,370.5,306.276917,2128739,2357
2021-12-22,372.0,372.5,368.5,370.0,305.863586,1948032,2357
2021-12-23,370.0,371.5,369.5,371.0,306.690247,1836790,2357
2021-12-24,372.0,373.5,369.0,370.0,305.863586,1358494,2357
2021-12-27,370.5,373.0,369.0,372.5,307.930237,1437152,2357
2021-12-28,373.5,374.0,372.0,373.5,308.756897,1361802,2357
2021-12-29,374.5,374.5,372.5,373.5,308.756897,1048858,2357
2021-12-30,374.5,377.0,373.5,376.0,310.823517,2738867,2357
2022-01-03,377.0,377.5,371.5,373.5,308.756897,1730011,2357
2022-01-04,375.0,378.5,373.5,377.0,311.650208,3341096,2357
2022-01-05,377.5,385.0,377.0,380.5,314.543518,4310927,2357
2022-01-06,378.0,381.5,377.0,380.0,314.130188,2135303,2357
2022-01-07,382.0,382.5,373.0,377.5,312.063538,2388009,2357
2022-01-10,376.5,378.5,374.5,378.5,312.890167,1428230,2357
2022-01-11,379.5,383.0,377.0,378.0,312.476868,3127581,2357
2022-01-12,379.5,380.0,375.0,378.0,312.476868,1692809,2357
2022-01-13,378.5,379.0,375.5,378.0,312.476868,1901722,2357
2022-01-14,377.0,377.5,372.0,377.5,312.063538,2098892,2357
2022-01-17,377.0,378.5,375.5,378.0,312.476868,1001951,2357
2022-01-18,377.5,381.0,376.5,380.0,314.130188,1943690,2357
2022-01-19,378.0,381.0,377.5,378.0,312.476868,1302279,2357
2022-01-20,378.0,379.5,377.0,378.5,312.890167,1070417,2357
2022-01-21,377.5,377.5,374.0,377.0,311.650208,2538612,2357
2022-01-24,373.5,373.5,364.0,364.5,301.316956,6133048,2357
2022-01-25,361.0,362.5,355.0,360.0,297.597015,5385570,2357
2022-01-26,358.0,362.0,358.0,359.5,297.183685,2038915,2357
2022-02-07,361.0,364.5,359.5,364.0,300.903656,2300553,2357
2022-02-08,362.5,364.5,362.0,363.5,300.490295,1213178,2357
2022-02-09,363.0,366.0,362.0,366.0,302.556946,2474792,2357
2022-02-10,366.0,370.0,366.0,370.0,305.863586,1285916,2357
2022-02-11,366.5,368.5,366.0,367.5,303.796936,1289891,2357
2022-02-14,365.0,365.5,361.5,363.0,300.076996,1363962,2357
2022-02-15,363.0,365.5,362.0,362.5,299.663666,1094538,2357
2022-02-16,366.0,369.0,365.0,369.0,305.036926,1198943,2357
2022-02-17,370.5,373.5,369.0,371.5,307.103577,1980232,2357
2022-02-18,369.0,372.5,367.5,372.0,307.516907,857097,2357
2022-02-21,370.0,378.5,370.0,378.5,312.890167,1977180,2357
2022-02-22,377.0,378.0,373.0,377.5,312.063538,2418693,2357
2022-02-23,377.0,381.5,376.5,377.5,312.063538,1868083,2357
2022-02-24,373.5,376.5,369.5,371.0,306.690247,2861913,2357
2022-02-25,371.0,373.5,368.5,371.5,307.103577,2569256,2357
2022-03-01,369.5,376.5,369.5,373.5,308.756897,3054299,2357
2022-03-02,370.5,375.0,370.5,373.0,308.343567,2250327,2357
2022-03-03,374.0,380.5,374.0,380.0,314.130188,2666725,2357
2022-03-04,377.0,381.5,376.0,376.0,310.823517,3523345,2357
2022-03-07,372.0,372.5,359.0,364.0,300.903656,5173168,2357
2022-03-08,360.0,364.5,355.0,358.5,296.357025,4614491,2357
2022-03-09,361.0,361.5,357.0,360.0,297.597015,2433008,2357
2022-03-10,367.0,369.0,365.0,366.5,302.970306,3040540,2357
2022-03-11,369.0,374.0,368.0,371.5,307.103577,3511628,2357
2022-03-14,368.5,369.5,360.0,369.5,305.450256,4999862,2357
2022-03-15,368.0,368.5,362.0,368.0,304.210266,3353990,2357
2022-03-16,369.0,379.0,368.0,379.0,313.303528,6401122,2357
2022-03-17,384.0,384.5,369.5,377.0,311.650208,13562715,2357
2022-03-18,377.0,381.0,371.0,372.5,307.930237,6675624,2357
2022-03-21,372.5,376.0,371.5,374.5,309.583557,4101126,2357
2022-03-22,371.5,373.5,368.0,372.0,307.516907,4220389,2357
2022-03-23,371.5,374.0,371.0,372.5,307.930237,2290338,2357
2022-03-24,372.5,376.0,372.5,373.0,308.343567,2131626,2357
2022-03-25,375.5,377.0,372.5,374.0,309.170227,4277211,2357
2022-03-28,373.0,378.0,372.0,378.0,312.476868,2708976,2357
2022-03-29,379.0,379.5,375.5,376.0,310.823517,1441316,2357
2022-03-30,376.0,377.0,374.0,375.5,310.410217,2407598,2357
2022-03-31,375.0,376.5,373.5,373.5,308.756897,1772161,2357
2022-04-01,371.0,373.5,369.0,373.5,308.756897,1767992,2357
2022-04-06,368.5,371.0,366.0,367.5,303.796936,3415784,2357
2022-04-07,365.0,366.0,360.5,360.5,298.010345,3853260,2357
2022-04-08,361.5,364.5,361.0,364.5,301.316956,1966484,2357
2022-04-11,364.5,365.5,356.5,356.5,294.703705,4548077,2357
2022-04-12,352.5,353.0,348.5,349.0,288.503784,5186162,2357
2022-04-13,350.0,356.5,349.5,354.5,293.050385,3155116,2357
2022-04-14,359.5,360.0,355.0,357.0,295.117035,1642596,2357
2022-04-15,356.0,357.0,354.0,356.5,294.703705,1226793,2357
2022-04-18,354.5,358.0,352.0,355.0,293.463715,1570944,2357
2022-04-19,355.0,360.0,355.0,357.0,295.117035,1824443,2357
2022-04-20,359.0,361.5,358.0,359.5,297.183685,1950890,2357
2022-04-21,362.0,362.5,358.5,358.5,296.357025,1849928,2357
2022-04-22,358.5,364.0,357.0,363.0,300.076996,1886948,2357
2022-04-25,357.5,358.5,355.5,356.0,294.290375,2281617,2357
2022-04-26,357.0,362.0,357.0,358.0,295.943695,1509330,2357
2022-04-27,353.5,356.0,353.0,355.0,293.463715,1792892,2357
2022-04-28,355.5,357.0,353.5,356.5,294.703705,2021840,2357
2022-04-29,357.0,359.0,357.0,357.0,295.117035,1804614,2357
2022-05-03,355.5,362.5,354.0,362.0,299.250305,1423913,2357
2022-05-04,363.0,364.0,360.5,361.5,298.837006,1234452,2357
2022-05-05,364.0,366.5,363.5,366.0,302.556946,1594509,2357
2022-05-06,359.5,361.5,357.5,358.0,295.943695,2507204,2357
2022-05-09,355.0,359.0,352.5,356.5,294.703705,2183325,2357
2022-05-10,350.0,351.5,343.0,350.0,289.330414,4501209,2357
2022-05-11,348.0,351.0,346.0,349.5,288.917084,2054231,2357
2022-05-12,344.0,344.0,336.5,338.0,279.410522,5157864,2357
2022-05-13,338.0,338.5,328.5,332.5,274.863892,4306471,2357
2022-05-16,336.0,337.0,330.0,332.0,274.450562,2657683,2357
2022-05-17,336.5,338.0,332.0,332.5,274.863892,2784071,2357
2022-05-18,333.5,335.5,332.0,332.0,274.450562,3108776,2357
2022-05-19,326.5,326.5,321.5,325.0,268.66394,3816483,2357
2022-05-20,326.0,326.5,322.0,324.0,267.837311,2681914,2357
2022-05-23,327.0,328.0,323.0,323.5,267.423981,2386232,2357
2022-05-24,324.0,326.0,322.0,322.0,266.18399,1841179,2357
2022-05-25,324.0,328.0,323.5,327.0,270.317291,2089052,2357
2022-05-26,329.5,329.5,323.0,323.5,267.423981,1993941,2357
2022-05-27,325.0,329.5,323.5,329.0,271.970612,1829130,2357
2022-05-30,333.0,338.5,331.0,338.5,279.823853,3081146,2357
2022-05-31,338.5,343.0,334.0,341.5,282.303833,5203400,2357
2022-06-01,342.5,346.0,340.0,343.0,283.543823,2079533,2357
2022-06-02,340.5,345.0,340.0,342.5,283.130463,1174805,2357
2022-06-06,343.0,344.5,340.0,340.0,281.063812,2742755,2357
2022-06-07,340.0,342.0,337.0,339.0,280.237183,2058328,2357
2022-06-08,343.5,343.5,336.5,338.5,279.823853,4380900,2357
2022-06-09,338.0,338.0,333.0,333.0,275.277252,3197633,2357
2022-06-10,332.5,332.5,328.0,329.0,271.970612,1761963,2357
2022-06-13,324.0,328.5,322.5,327.0,270.317291,2517714,2357
2022-06-14,324.0,328.5,322.5,325.0,268.66394,3878147,2357
2022-06-15,326.5,332.0,324.5,325.0,268.66394,1970806,2357
2022-06-16,329.5,329.5,324.0,324.5,268.250641,1697364,2357
2022-06-17,321.5,324.0,319.0,323.0,267.010651,3577782,2357
2022-06-20,324.0,324.0,316.5,320.0,264.53067,3240460,2357
2022-06-21,324.0,332.0,321.0,332.0,274.450562,3125234,2357
2022-06-22,333.0,334.0,321.5,321.5,265.77066,2774955,2357
2022-06-23,324.0,326.5,321.5,325.0,268.66394,2327832,2357
2022-06-24,328.0,329.0,322.5,326.0,269.490631,2628833,2357
2022-06-27,328.5,330.5,326.5,328.5,271.557251,1836716,2357
2022-06-28,328.5,330.0,324.0,326.0,269.490631,2062820,2357
2022-06-29,322.5,326.5,322.0,324.0,267.837311,2622408,2357
2022-06-30,320.0,320.5,308.5,310.5,256.677429,6047781,2357
2022-07-01,311.0,315.0,308.0,309.5,255.850769,3932231,2357
2022-07-04,310.0,312.5,300.0,301.5,249.237503,3850317,2357
2022-07-05,307.0,309.0,301.5,304.5,251.717468,2407180,2357
2022-07-06,307.0,307.5,298.0,298.0,246.344193,2823430,2357
2022-07-07,300.0,305.5,296.0,302.5,250.064148,3103330,2357
2022-07-08,303.5,308.0,303.5,305.0,252.130798,2121170,2357
2022-07-11,310.0,311.0,308.0,309.5,255.850769,1908870,2357
2022-07-12,307.5,308.0,302.0,306.5,253.370773,2826185,2357
2022-07-13,313.5,317.5,311.0,313.0,258.74408,3031893,2357
2022-07-14,312.0,313.5,309.5,312.5,258.330719,1854228,2357
2022-07-15,314.0,314.5,310.0,310.0,256.264069,1473613,2357
2022-07-18,310.5,311.5,303.5,308.5,255.024109,4138145,2357
2022-07-19,309.0,314.0,308.0,312.0,257.917419,3183896,2357
2022-07-20,315.0,318.5,314.5,316.0,261.22403,2598454,2357
2022-07-21,316.0,323.0,316.0,322.0,266.18399,3565072,2357
2022-07-22,323.5,327.0,318.0,326.0,269.490631,3646961,2357
2022-07-25,323.0,326.5,320.5,326.0,269.490631,3035281,2357
2022-07-26,325.5,325.5,321.0,323.0,267.010651,3406195,2357
2022-07-27,323.5,324.5,319.5,322.5,266.597321,4785974,2357
2022-07-28,324.0,325.0,319.0,319.0,263.70401,6363615,2357
2022-07-29,277.0,284.0,277.0,281.5,267.988007,7292201,2357
2022-08-01,281.0,283.0,278.0,282.5,268.940002,3117094,2357
2022-08-02,280.0,280.5,275.5,277.5,264.179993,5008910,2357
2022-08-03,278.0,281.0,277.0,281.0,267.511993,2159257,2357
2022-08-04,281.0,282.5,279.0,281.0,267.511993,1644920,2357
2022-08-05,283.0,283.0,279.5,282.0,268.46402,2076569,2357
2022-08-08,282.0,284.0,280.5,283.5,269.891998,1869111,2357
2022-08-09,283.5,283.5,280.0,281.0,267.511993,2382884,2357
2022-08-10,278.5,279.0,277.0,277.0,263.70401,2692261,2357
2022-08-11,281.5,282.5,279.5,282.0,268.46402,2393896,2357
2022-08-12,261.0,264.5,257.5,262.0,249.424011,10657136,2357
2022-08-15,260.5,261.0,252.0,252.5,240.380005,8122821,2357
2022-08-16,250.5,255.5,248.0,254.5,242.284012,6444743,2357
2022-08-17,256.5,258.0,254.0,258.0,245.616013,5315491,2357
2022-08-18,255.5,263.0,255.0,262.5,249.900009,4460411,2357
2022-08-19,262.5,265.5,261.0,264.5,251.804001,3548301,2357
2022-08-22,262.5,265.5,262.5,265.0,252.279999,1834000,2357
2022-08-23,265.0,266.0,260.5,260.5,247.996002,3796266,2357
2022-08-24,261.0,261.0,253.5,254.0,241.807999,4350922,2357
2022-08-25,256.0,257.0,252.0,255.5,243.236008,3299268,2357
2022-08-26,257.0,258.5,256.0,258.5,246.09201,2456312,2357
2022-08-29,251.5,255.0,251.0,253.0,240.856003,2586426,2357
2022-08-30,256.0,258.0,253.0,257.0,244.664001,2717543,2357
2022-08-31,254.0,256.0,254.0,255.0,242.76001,2204303,2357
2022-09-01,253.5,254.0,251.0,252.5,240.380005,2561721,2357
2022-09-02,255.0,256.0,253.0,253.5,241.332001,1685999,2357
2022-09-05,255.5,259.0,254.5,258.0,245.616013,2016084,2357
2022-09-06,260.0,261.0,254.0,255.0,242.76001,2093283,2357
2022-09-07,252.5,253.0,241.0,242.0,230.384003,7846341,2357
2022-09-08,245.0,249.5,243.5,249.0,237.048004,3911260,2357
2022-09-12,251.0,254.5,250.5,254.0,241.807999,2893454,2357
2022-09-13,256.0,259.5,255.0,256.5,244.188004,2511422,2357
2022-09-14,249.5,254.5,248.5,252.5,240.380005,2127800,2357
2022-09-15,254.0,256.5,252.5,254.0,241.807999,1755041,2357
2022-09-16,251.5,257.0,251.5,256.5,244.188004,5448495,2357
2022-09-19,257.0,257.5,253.0,254.5,242.284012,2155042,2357
2022-09-20,256.0,256.5,252.0,253.5,241.332001,2705016,2357
2022-09-21,251.5,253.0,248.0,249.0,237.048004,3827277,2357
2022-09-22,245.0,247.0,242.0,246.5,234.667999,3753760,2357
2022-09-23,245.0,248.0,244.0,246.0,234.192001,1354725,2357
2022-09-26,242.5,244.0,238.0,238.5,227.052002,3547081,2357
2022-09-27,240.5,246.0,240.0,242.0,230.384003,2263808,2357
2022-09-28,241.5,243.5,236.0,237.5,226.100006,3529469,2357
2022-09-29,242.0,242.0,236.0,237.5,226.100006,2299385,2357
2022-09-30,235.0,235.0,231.5,234.0,222.768005,3673706,2357
2022-10-03,228.5,235.5,228.5,234.0,222.768005,1778566,2357
2022-10-04,235.0,241.5,234.5,240.0,228.480011,2900981,2357
2022-10-05,242.5,247.0,242.0,244.0,232.28801,2698259,2357
2022-10-06,243.5,246.5,241.0,244.0,232.28801,2737741,2357
2022-10-07,241.5,242.5,230.5,231.0,219.912003,5022531,2357
2022-10-11,227.0,227.0,223.5,225.0,214.200012,4644397,2357
2022-10-12,228.5,233.0,226.5,231.5,220.388,2619699,2357
2022-10-13,229.5,232.0,228.5,231.0,219.912003,2123526,2357
2022-10-14,235.0,235.0,231.0,231.0,219.912003,1878290,2357
2022-10-17,227.5,233.0,227.5,232.0,220.863998,2979280,2357
2022-10-18,234.5,238.0,232.0,236.5,225.14801,3449762,2357
2022-10-19,235.5,240.0,234.0,239.0,227.528,3190077,2357
2022-10-20,235.0,236.0,230.0,232.0,220.863998,5097867,2357
2022-10-21,232.0,232.5,228.0,229.0,218.008011,2231002,2357
2022-10-24,231.0,232.0,229.0,231.0,219.912003,2004819,2357
2022-10-25,233.0,234.0,230.5,231.5,220.388,2131768,2357
2022-10-26,234.0,236.0,231.5,235.5,224.195999,2372268,2357
2022-10-27,237.0,238.0,232.5,233.0,221.81601,2252329,2357
2022-10-28,233.0,235.0,232.0,234.0,222.768005,1411735,2357
2022-10-31,235.5,237.5,234.5,236.0,224.672012,1701895,2357
2022-11-01,236.0,237.0,234.5,236.0,224.672012,1168324,2357
2022-11-02,233.0,238.0,233.0,237.5,226.100006,1746572,2357
2022-11-03,235.0,236.0,232.5,235.5,224.195999,2057332,2357
2022-11-04,233.0,235.0,229.5,234.5,223.244003,3350084,2357
2022-11-07,236.5,238.0,234.0,237.5,226.100006,2520438,2357
2022-11-08,239.5,242.0,239.0,242.0,230.384003,2253292,2357
2022-11-09,243.5,245.5,242.0,244.5,232.764008,2270501,2357
2022-11-10,241.0,242.5,240.0,241.0,229.432007,1357114,2357
2022-11-11,248.0,251.0,244.5,249.0,237.048004,4038100,2357
2022-11-14,250.0,250.5,247.5,248.0,236.096008,2539169,2357
2022-11-15,248.0,252.5,247.0,252.0,239.904007,2251264,2357
2022-11-16,251.5,254.0,250.5,252.0,239.904007,2212947,2357
2022-11-17,252.0,254.5,250.0,254.0,241.807999,2113641,2357
2022-11-18,253.0,256.0,252.0,256.0,243.712006,1909648,2357
2022-11-21,257.0,259.0,254.0,258.0,245.616013,3068898,2357
2022-11-22,259.0,261.5,255.0,261.0,248.472,4098891,2357
2022-11-23,261.5,267.0,260.5,265.0,252.279999,4050592,2357
2022-11-24,267.0,270.0,266.0,267.5,254.660004,3832600,2357
2022-11-25,270.0,271.5,265.0,265.0,252.279999,4341984,2357
2022-11-28,263.0,270.0,259.0,265.5,252.756012,4286710,2357
2022-11-29,266.0,270.0,264.0,267.0,254.184006,3831666,2357
2022-11-30,267.0,269.0,265.5,266.0,253.23201,3737332,2357
2022-12-01,270.0,273.5,267.0,271.5,258.468018,2959974,2357
2022-12-02,273.0,277.0,271.0,277.0,263.70401,3374701,2357
2022-12-05,276.5,283.0,275.0,283.0,269.416016,2739074,2357
2022-12-06,281.5,281.5,275.5,277.5,264.179993,2536507,2357
2022-12-07,275.0,275.5,271.5,272.0,258.944,2839777,2357
2022-12-08,272.0,274.0,266.0,268.0,255.136002,2274131,2357
2022-12-09,269.5,270.0,266.0,268.5,255.612,1820020,2357
2022-12-12,266.0,273.0,262.0,273.0,259.895996,2190315,2357
2022-12-13,271.0,271.5,266.5,267.5,254.660004,2362664,2357
2022-12-14,270.5,273.5,269.5,273.0,259.895996,2135675,2357
2022-12-15,272.0,272.5,266.5,267.0,254.184006,2059854,2357
2022-12-16,264.0,267.0,262.0,265.5,252.756012,7575178,2357
2022-12-19,263.0,267.0,261.5,264.0,251.328003,6579923,2357
2022-12-20,267.0,271.0,266.0,269.0,256.088013,8683270,2357
2022-12-21,269.0,269.0,263.5,266.0,253.23201,6662926,2357
2022-12-22,270.5,278.0,269.0,275.5,262.276001,6243523,2357
2022-12-23,272.0,273.0,270.0,271.0,257.992004,1378476,2357
2022-12-26,272.0,273.0,271.0,272.0,258.944,720666,2357
2022-12-27,272.5,273.5,270.0,270.0,257.040009,732611,2357
2022-12-28,268.0,270.0,268.0,269.0,256.088013,1072591,2357
2022-12-29,267.5,270.5,264.5,269.0,256.088013,1437408,2357
2022-12-30,270.0,270.0,268.5,268.5,255.612,773245,2357
2023-01-03,267.0,271.0,266.0,270.0,257.040009,1049876,2357
2023-01-04,271.5,271.5,268.5,268.5,255.612,749417,2357
2023-01-05,271.0,275.0,271.0,271.0,257.992004,1159580,2357
2023-01-06,272.0,273.0,270.0,271.5,258.468018,625059,2357
2023-01-09,273.5,275.5,272.5,275.0,261.800018,1470961,2357
2023-01-10,274.0,274.0,269.5,269.5,256.563995,2029005,2357
2023-01-11,270.5,271.5,269.0,269.0,256.088013,1517495,2357
2023-01-12,270.0,270.5,263.5,265.0,252.279999,1623230,2357
2023-01-13,267.5,268.5,265.5,268.0,255.136002,1084218,2357
2023-01-16,269.0,271.0,268.0,269.0,256.088013,1012253,2357
2023-01-17,270.0,270.5,268.0,268.0,255.136002,1332228,2357
2023-01-30,275.0,280.0,273.5,280.0,266.559998,4377859,2357
2023-01-31,280.0,280.5,271.5,272.0,258.944,2874085,2357
2023-02-01,274.5,276.0,272.5,275.0,261.800018,1138611,2357
2023-02-02,277.0,279.0,275.0,278.5,265.132019,1549278,2357
2023-02-03,278.0,279.0,275.5,278.0,264.656006,1319831,2357
2023-02-06,274.5,279.0,274.0,276.0,262.752014,1842049,2357
2023-02-07,276.0,279.0,275.0,278.0,264.656006,1745157,2357
2023-02-08,278.0,279.5,276.5,277.5,264.179993,1808530,2357
2023-02-09,276.5,277.5,276.0,276.0,262.752014,1248637,2357
2023-02-10,273.5,274.0,270.0,270.0,257.040009,2794347,2357
2023-02-13,270.5,275.0,270.0,274.5,261.324005,1572918,2357
2023-02-14,276.5,278.0,276.0,276.5,263.227997,1141089,2357
2023-02-15,277.5,277.5,275.5,276.0,262.752014,1211934,2357
2023-02-16,277.5,280.0,277.5,278.0,264.656006,1841756,2357
2023-02-17,279.5,280.0,277.5,279.5,266.084015,911274,2357
2023-02-20,279.5,279.5,278.0,278.0,264.656006,635792,2357
2023-02-21,278.5,279.5,277.0,279.5,266.084015,717133,2357
2023-02-22,278.5,281.0,277.5,279.5,266.084015,1329982,2357
2023-02-23,281.0,282.0,279.5,280.5,267.036011,1539817,2357
2023-02-24,282.0,282.0,278.0,278.0,264.656006,2513475,2357
2023-03-01,277.0,279.0,275.0,276.0,262.752014,1981370,2357
2023-03-02,277.5,282.0,276.5,281.0,267.511993,1567509,2357
2023-03-03,282.5,284.5,282.0,284.0,270.368011,1155317,2357
2023-03-06,286.5,288.0,285.0,286.5,272.748016,1401276,2357
2023-03-07,287.0,290.0,286.5,289.5,275.604004,1354127,2357
2023-03-08,289.0,289.0,286.0,287.5,273.700012,1419465,2357
2023-03-09,287.0,287.5,284.0,285.5,271.796021,1821629,2357
2023-03-10,285.0,293.0,285.0,293.0,278.936005,4121558,2357
2023-03-13,268.0,271.5,264.5,266.0,253.23201,8521919,2357
2023-03-14,264.0,264.0,260.5,261.0,248.472,4961936,2357
2023-03-15,262.0,264.0,261.0,261.5,248.948013,2459167,2357
2023-03-16,260.5,264.5,260.5,263.0,250.376007,1999583,2357
2023-03-17,264.5,271.0,263.0,271.0,257.992004,4356986,2357
2023-03-20,270.0,270.0,265.0,266.0,253.23201,1781967,2357
2023-03-21,267.5,268.5,267.0,268.5,255.612,1333391,2357
2023-03-22,268.5,269.0,267.0,269.0,256.088013,2237987,2357
2023-03-23,269.0,271.0,267.5,269.5,256.563995,1723042,2357
2023-03-24,270.0,271.0,268.0,270.0,257.040009,1292558,2357
2023-03-27,270.5,271.0,269.5,269.5,256.563995,1031301,2357
2023-03-28,269.0,271.0,267.5,268.5,255.612,1075834,2357
2023-03-29,270.0,271.5,270.0,271.5,258.468018,1071759,2357
2023-03-30,271.5,273.0,270.5,272.5,259.420013,1197882,2357
2023-03-31,273.5,275.0,271.0,272.5,259.420013,1681760,2357
2023-04-06,269.5,270.5,268.5,270.5,257.515991,1635045,2357
2023-04-07,271.5,272.0,270.0,270.0,257.040009,580249,2357
2023-04-10,271.5,272.0,270.0,271.0,257.992004,554168,2357
2023-04-11,271.0,274.5,270.5,273.5,260.372009,1344270,2357
2023-04-12,276.0,280.0,275.5,278.5,265.132019,1984283,2357
2023-04-13,279.5,280.0,275.5,275.5,262.276001,1700179,2357
2023-04-14,278.5,278.5,275.5,277.5,264.179993,1057529,2357
2023-04-17,278.5,281.0,278.0,281.0,267.511993,1593935,2357
2023-04-18,281.5,282.0,277.0,278.5,265.132019,1164264,2357
2023-04-19,279.0,281.0,278.0,278.5,265.132019,1535742,2357
2023-04-20,279.5,279.5,275.5,276.5,263.227997,1069423,2357
2023-04-21,279.0,280.5,275.0,276.0,262.752014,1964635,2357
2023-04-24,278.0,279.0,276.0,278.5,265.132019,2055511,2357
2023-04-25,280.0,280.0,276.0,278.0,264.656006,2373820,2357
2023-04-26,275.5,277.0,272.0,275.5,262.276001,2510619,2357
2023-04-27,275.5,280.0,274.5,280.0,266.559998,2542742,2357
2023-04-28,282.0,282.5,279.0,282.5,268.940002,1819282,2357
